0, 78.533, 33.226, 1000000.0, 0.5
1, 75.782, 31.808, 1000000.0, 0.5
2, 75.614, 31.739, 1000000.0, 0.5
3, 75.614, 31.739, 1000000.0, 0.5
4, 75.613, 31.739, 1000000.0, 0.5
5, 75.506, 31.676, 1000000.0, 0.5
6, 75.530, 31.696, 1000000.0, 0.5
7, 75.530, 31.696, 1000000.0, 0.5
8, 75.530, 31.696, 1000000.0, 0.5
9, 75.532, 31.697, 1000000.0, 0.5
10, 75.885, 31.892, 1000000.0, 0.5
11, 75.879, 31.889, 1000000.0, 0.5
12, 75.598, 31.786, 1000000.0, 0.5
13, 77.785, 31.833, 1000000.0, 0.5
14, 77.785, 31.833, 1000000.0, 0.5
15, 75.561, 31.751, 1000000.0, 0.5
16, 75.561, 31.751, 1000000.0, 0.5
17, 75.561, 31.751, 1000000.0, 0.5
18, 75.542, 31.727, 1000000.0, 0.5
19, 74.650, 31.314, 1000000.0, 0.5
20, 74.195, 31.169, 1000000.0, 0.5
21, 74.195, 31.169, 1000000.0, 0.5
22, 74.195, 31.169, 1000000.0, 0.5
23, 74.195, 31.169, 1000000.0, 0.5
24, 74.423, 31.304, 1000000.0, 0.5
25, 74.539, 31.213, 1000000.0, 0.5
26, 74.539, 31.213, 1000000.0, 0.5
27, 74.539, 31.213, 1000000.0, 0.5
28, 74.510, 31.199, 1000000.0, 0.5
29, 74.571, 31.228, 1000000.0, 0.5
30, 74.573, 31.227, 1000000.0, 0.5
31, 74.277, 31.120, 1000000.0, 0.5
32, 73.545, 30.860, 1000000.0, 0.5
33, 73.791, 30.421, 1000000.0, 0.5
34, 73.502, 30.274, 1000000.0, 0.5
35, 73.235, 30.652, 1000000.0, 0.5
36, 73.259, 30.667, 1000000.0, 0.5
37, 73.607, 30.412, 1000000.0, 0.5
38, 73.607, 30.412, 1000000.0, 0.5
39, 77.112, 31.339, 1000000.0, 0.5
40, 77.112, 31.339, 1000000.0, 0.5
41, 77.115, 31.340, 1000000.0, 0.5
42, 73.974, 30.642, 1000000.0, 0.5
43, 74.100, 30.712, 1000000.0, 0.5
44, 76.135, 31.221, 1000000.0, 0.5
45, 75.104, 30.854, 1000000.0, 0.5
46, 75.115, 30.856, 1000000.0, 0.5
47, 75.115, 30.856, 1000000.0, 0.5
48, 75.113, 30.855, 1000000.0, 0.5
49, 75.202, 30.884, 1000000.0, 0.5
50, 74.352, 30.650, 1000000.0, 0.5
51, 74.535, 30.705, 1000000.0, 0.5
52, 74.535, 30.705, 1000000.0, 0.5
53, 74.429, 30.689, 1000000.0, 0.5
54, 74.429, 30.689, 1000000.0, 0.5
55, 74.431, 30.690, 1000000.0, 0.5
56, 74.431, 30.690, 1000000.0, 0.5
57, 74.430, 30.689, 1000000.0, 0.5
58, 80.126, 33.302, 1000000.0, 0.5
59, 80.126, 33.302, 1000000.0, 0.5
60, 80.874, 33.479, 1000000.0, 0.5
61, 80.882, 33.484, 1000000.0, 0.5
62, 81.476, 33.644, 1000000.0, 0.5
63, 81.476, 33.644, 1000000.0, 0.5
64, 86.666, 35.313, 1000000.0, 0.5
65, 79.788, 32.170, 1000000.0, 0.5
66, 79.788, 32.170, 1000000.0, 0.5
67, 79.790, 32.171, 1000000.0, 0.5
68, 79.941, 32.232, 1000000.0, 0.5
69, 79.943, 32.233, 1000000.0, 0.5
70, 79.940, 32.232, 1000000.0, 0.5
71, 82.453, 33.180, 1000000.0, 0.5
72, 80.857, 32.557, 1000000.0, 0.5
73, 80.859, 32.556, 1000000.0, 0.5
74, 80.866, 32.561, 1000000.0, 0.5
75, 80.856, 32.556, 1000000.0, 0.5
76, 80.856, 32.556, 1000000.0, 0.5
77, 80.856, 32.556, 1000000.0, 0.5
78, 80.851, 32.556, 1000000.0, 0.5
79, 78.198, 31.740, 1000000.0, 0.5
80, 78.195, 31.726, 1000000.0, 0.5
81, 78.190, 31.723, 1000000.0, 0.5
82, 78.188, 31.722, 1000000.0, 0.5
83, 78.188, 31.722, 1000000.0, 0.5
84, 78.184, 31.720, 1000000.0, 0.5
85, 78.184, 31.720, 1000000.0, 0.5
86, 78.184, 31.720, 1000000.0, 0.5
87, 78.184, 31.720, 1000000.0, 0.5
88, 78.184, 31.720, 1000000.0, 0.5
89, 78.184, 31.720, 1000000.0, 0.5
90, 78.184, 31.720, 1000000.0, 0.5
91, 78.262, 31.806, 1000000.0, 0.5
92, 84.603, 34.319, 1000000.0, 0.5
93, 86.657, 35.142, 1000000.0, 0.5
94, 86.603, 35.144, 1000000.0, 0.5
95, 86.603, 35.144, 1000000.0, 0.5
96, 91.906, 37.286, 1000000.0, 0.5
97, 91.906, 37.286, 1000000.0, 0.5
98, 96.442, 38.930, 1000000.0, 0.5
99, 96.375, 38.883, 1000000.0, 0.5
100, 96.037, 38.845, 1000000.0, 0.5
101, 92.163, 37.204, 1000000.0, 0.5
102, 92.163, 37.204, 1000000.0, 0.5
103, 92.546, 37.347, 1000000.0, 0.5
104, 92.562, 37.355, 1000000.0, 0.5
105, 92.606, 37.324, 1000000.0, 0.5
106, 95.228, 38.435, 1000000.0, 0.5
107, 94.328, 37.965, 1000000.0, 0.5
108, 94.381, 37.933, 1000000.0, 0.5
109, 94.356, 37.914, 1000000.0, 0.5
110, 94.356, 37.914, 1000000.0, 0.5
111, 102.535, 41.027, 1000000.0, 0.5
112, 102.535, 41.027, 1000000.0, 0.5
113, 102.524, 41.016, 1000000.0, 0.5
114, 102.664, 41.074, 1000000.0, 0.5
115, 102.664, 41.074, 1000000.0, 0.5
116, 102.664, 41.074, 1000000.0, 0.5
117, 102.667, 41.068, 1000000.0, 0.5
118, 102.667, 41.068, 1000000.0, 0.5
119, 103.240, 41.294, 1000000.0, 0.5
120, 103.303, 41.317, 1000000.0, 0.5
121, 103.349, 41.381, 1000000.0, 0.5
122, 103.256, 41.343, 1000000.0, 0.5
123, 101.847, 40.823, 1000000.0, 0.5
124, 101.847, 40.823, 1000000.0, 0.5
125, 101.847, 40.823, 1000000.0, 0.5
126, 101.847, 40.823, 1000000.0, 0.5
127, 101.847, 40.823, 1000000.0, 0.5
128, 101.827, 40.819, 1000000.0, 0.5
129, 99.197, 39.702, 1000000.0, 0.5
130, 99.197, 39.702, 1000000.0, 0.5
131, 99.197, 39.702, 1000000.0, 0.5
132, 99.197, 39.702, 1000000.0, 0.5
133, 99.228, 39.732, 1000000.0, 0.5
134, 98.845, 39.585, 1000000.0, 0.5
135, 98.591, 39.467, 1000000.0, 0.5
136, 98.326, 39.381, 1000000.0, 0.5
137, 98.309, 39.372, 1000000.0, 0.5
138, 98.290, 39.324, 1000000.0, 0.5
139, 98.290, 39.324, 1000000.0, 0.5
140, 98.290, 39.324, 1000000.0, 0.5
141, 98.290, 39.324, 1000000.0, 0.5
142, 99.372, 39.716, 1000000.0, 0.5
143, 99.372, 39.716, 1000000.0, 0.5
144, 99.065, 39.598, 1000000.0, 0.5
145, 99.086, 39.611, 1000000.0, 0.5
146, 99.089, 39.602, 1000000.0, 0.5
147, 99.090, 39.601, 1000000.0, 0.5
148, 99.212, 39.645, 1000000.0, 0.5
149, 99.212, 39.645, 1000000.0, 0.5
150, 99.603, 39.787, 1000000.0, 0.5
151, 99.827, 39.934, 1000000.0, 0.5
152, 99.827, 39.934, 1000000.0, 0.5
153, 99.827, 39.934, 1000000.0, 0.5
154, 99.827, 39.934, 1000000.0, 0.5
155, 100.414, 40.152, 1000000.0, 0.5
156, 100.454, 40.208, 1000000.0, 0.5
157, 100.380, 40.131, 1000000.0, 0.5
158, 106.634, 42.548, 1000000.0, 0.5
159, 106.773, 42.692, 1000000.0, 0.5
160, 106.599, 42.617, 1000000.0, 0.5
161, 106.599, 42.617, 1000000.0, 0.5
162, 104.992, 42.015, 1000000.0, 0.5
163, 104.613, 41.872, 1000000.0, 0.5
164, 104.613, 41.872, 1000000.0, 0.5
165, 104.280, 41.788, 1000000.0, 0.5
166, 104.291, 41.794, 1000000.0, 0.5
167, 101.908, 40.854, 1000000.0, 0.5
168, 101.962, 40.870, 1000000.0, 0.5
169, 92.685, 37.248, 1000000.0, 0.5
170, 90.836, 36.624, 1000000.0, 0.5
171, 100.669, 40.492, 1000000.0, 0.5
172, 100.701, 40.503, 1000000.0, 0.5
173, 100.710, 40.506, 1000000.0, 0.5
174, 100.639, 40.451, 1000000.0, 0.5
175, 100.944, 40.497, 1000000.0, 0.5
176, 101.406, 40.654, 1000000.0, 0.5
177, 101.406, 40.654, 1000000.0, 0.5
178, 101.356, 40.643, 1000000.0, 0.5
179, 101.516, 40.713, 1000000.0, 0.5
180, 101.123, 40.534, 1000000.0, 0.5
181, 95.058, 38.193, 1000000.0, 0.5
182, 92.535, 37.248, 1000000.0, 0.5
183, 92.646, 37.284, 1000000.0, 0.5
184, 92.609, 37.273, 1000000.0, 0.5
185, 92.604, 37.270, 1000000.0, 0.5
186, 92.146, 37.100, 1000000.0, 0.5
187, 92.334, 37.152, 1000000.0, 0.5
188, 92.646, 37.323, 1000000.0, 0.5
189, 92.507, 37.258, 1000000.0, 0.5
190, 100.949, 40.610, 1000000.0, 0.5
191, 100.925, 40.609, 1000000.0, 0.5
192, 100.925, 40.609, 1000000.0, 0.5
193, 100.896, 40.588, 1000000.0, 0.5
194, 100.876, 40.582, 1000000.0, 0.5
195, 100.276, 40.291, 1000000.0, 0.5
196, 100.593, 40.385, 1000000.0, 0.5
197, 100.593, 40.385, 1000000.0, 0.5
198, 101.020, 40.553, 1000000.0, 0.5
199, 101.020, 40.553, 1000000.0, 0.5
200, 101.184, 40.608, 1000000.0, 0.5
201, 101.668, 40.747, 1000000.0, 0.5
202, 101.565, 40.718, 1000000.0, 0.5
203, 100.397, 40.384, 1000000.0, 0.5
204, 100.218, 40.285, 1000000.0, 0.5
205, 100.218, 40.285, 1000000.0, 0.5
206, 100.218, 40.285, 1000000.0, 0.5
207, 100.235, 40.288, 1000000.0, 0.5
208, 100.254, 40.327, 1000000.0, 0.5
209, 100.206, 40.318, 1000000.0, 0.5
210, 96.227, 38.874, 1000000.0, 0.5
211, 96.445, 39.311, 1000000.0, 0.5
212, 96.439, 39.311, 1000000.0, 0.5
213, 84.495, 34.369, 1000000.0, 0.5
214, 84.371, 34.307, 1000000.0, 0.5
215, 84.250, 34.249, 1000000.0, 0.5
216, 84.191, 34.232, 1000000.0, 0.5
217, 84.149, 34.197, 1000000.0, 0.5
218, 84.273, 34.331, 1000000.0, 0.5
219, 84.108, 34.259, 1000000.0, 0.5
220, 84.087, 34.257, 1000000.0, 0.5
221, 84.087, 34.257, 1000000.0, 0.5
222, 84.310, 34.275, 1000000.0, 0.5
223, 84.310, 34.275, 1000000.0, 0.5
224, 84.256, 34.252, 1000000.0, 0.5
225, 83.995, 34.143, 1000000.0, 0.5
226, 83.752, 34.046, 1000000.0, 0.5
227, 83.752, 34.046, 1000000.0, 0.5
228, 85.998, 34.944, 1000000.0, 0.5
229, 85.773, 34.773, 1000000.0, 0.5
230, 85.773, 34.773, 1000000.0, 0.5
231, 85.773, 34.773, 1000000.0, 0.5
232, 79.094, 32.685, 1000000.0, 0.5
233, 81.458, 33.585, 1000000.0, 0.5
234, 81.841, 33.823, 1000000.0, 0.5
235, 81.333, 34.553, 1000000.0, 0.5
236, 81.293, 34.533, 1000000.0, 0.5
237, 81.296, 34.535, 1000000.0, 0.5
238, 87.772, 37.141, 1000000.0, 0.5
239, 87.816, 37.165, 1000000.0, 0.5
240, 87.841, 37.181, 1000000.0, 0.5
241, 88.912, 37.484, 1000000.0, 0.5
242, 88.912, 37.484, 1000000.0, 0.5
243, 88.914, 37.488, 1000000.0, 0.5
244, 87.337, 36.496, 1000000.0, 0.5
245, 85.086, 35.199, 1000000.0, 0.5
246, 85.086, 35.199, 1000000.0, 0.5
247, 84.201, 34.798, 1000000.0, 0.5
248, 84.183, 34.823, 1000000.0, 0.5
249, 84.183, 34.823, 1000000.0, 0.5
250, 83.423, 34.340, 1000000.0, 0.5
251, 83.224, 34.281, 1000000.0, 0.5
252, 83.195, 34.262, 1000000.0, 0.5
253, 83.041, 34.216, 1000000.0, 0.5
254, 82.776, 34.089, 1000000.0, 0.5
255, 82.867, 34.127, 1000000.0, 0.5
256, 81.087, 33.149, 1000000.0, 0.5
257, 81.087, 33.149, 1000000.0, 0.5
258, 80.945, 33.033, 1000000.0, 0.5
259, 81.084, 33.026, 1000000.0, 0.5
260, 80.838, 32.955, 1000000.0, 0.5
261, 80.838, 32.955, 1000000.0, 0.5
262, 80.838, 32.955, 1000000.0, 0.5
263, 81.419, 33.339, 1000000.0, 0.5
264, 81.456, 33.342, 1000000.0, 0.5
265, 81.456, 33.342, 1000000.0, 0.5
266, 81.456, 33.342, 1000000.0, 0.5
267, 81.535, 33.390, 1000000.0, 0.5
268, 82.361, 33.856, 1000000.0, 0.5
269, 82.065, 33.735, 1000000.0, 0.5
270, 82.065, 33.735, 1000000.0, 0.5
271, 82.280, 33.799, 1000000.0, 0.5
272, 75.935, 31.771, 1000000.0, 0.5
273, 78.481, 32.542, 1000000.0, 0.5
274, 78.389, 32.499, 1000000.0, 0.5
275, 78.289, 32.455, 1000000.0, 0.5
276, 78.264, 32.625, 1000000.0, 0.5
277, 86.330, 35.325, 1000000.0, 0.5
278, 86.330, 35.325, 1000000.0, 0.5
279, 84.745, 34.401, 1000000.0, 0.5
280, 84.745, 34.401, 1000000.0, 0.5
281, 84.728, 34.391, 1000000.0, 0.5
282, 84.353, 34.400, 1000000.0, 0.5
283, 84.353, 34.400, 1000000.0, 0.5
284, 84.437, 34.485, 1000000.0, 0.5
285, 84.506, 34.531, 1000000.0, 0.5
286, 84.502, 34.531, 1000000.0, 0.5
287, 82.918, 33.789, 1000000.0, 0.5
288, 84.676, 34.811, 1000000.0, 0.5
289, 84.534, 34.645, 1000000.0, 0.5
290, 92.558, 37.574, 1000000.0, 0.5
291, 93.590, 38.007, 1000000.0, 0.5
292, 93.590, 38.007, 1000000.0, 0.5
293, 91.167, 37.630, 1000000.0, 0.5
294, 88.510, 36.094, 1000000.0, 0.5
295, 88.653, 36.082, 1000000.0, 0.5
296, 88.007, 35.677, 1000000.0, 0.5
297, 91.934, 37.771, 1000000.0, 0.5
298, 91.934, 37.771, 1000000.0, 0.5
299, 91.954, 37.778, 1000000.0, 0.5
300, 91.954, 37.778, 1000000.0, 0.5
301, 91.954, 37.778, 1000000.0, 0.5
302, 94.406, 39.182, 1000000.0, 0.5
303, 94.402, 39.178, 1000000.0, 0.5
304, 94.407, 39.180, 1000000.0, 0.5
305, 104.507, 42.837, 1000000.0, 0.5
306, 104.507, 42.837, 1000000.0, 0.5
307, 115.153, 46.818, 1000000.0, 0.5
308, 114.926, 46.578, 1000000.0, 0.5
309, 114.926, 46.578, 1000000.0, 0.5
310, 113.513, 45.616, 1000000.0, 0.5
311, 105.434, 40.761, 1000000.0, 0.5
312, 105.410, 40.758, 1000000.0, 0.5
313, 105.410, 40.758, 1000000.0, 0.5
314, 105.410, 40.758, 1000000.0, 0.5
315, 105.411, 40.758, 1000000.0, 0.5
316, 105.951, 40.883, 1000000.0, 0.5
317, 105.969, 40.885, 1000000.0, 0.5
318, 109.642, 43.246, 1000000.0, 0.5
319, 108.586, 42.754, 1000000.0, 0.5
320, 103.356, 40.171, 1000000.0, 0.5
321, 119.782, 48.237, 1000000.0, 0.5
322, 119.118, 47.912, 1000000.0, 0.5
323, 119.152, 47.902, 1000000.0, 0.5
324, 119.152, 47.902, 1000000.0, 0.5
325, 119.152, 47.902, 1000000.0, 0.5
326, 119.312, 48.025, 1000000.0, 0.5
327, 119.054, 47.895, 1000000.0, 0.5
328, 119.290, 48.036, 1000000.0, 0.5
329, 119.290, 48.036, 1000000.0, 0.5
330, 119.254, 48.040, 1000000.0, 0.5
331, 117.214, 46.781, 1000000.0, 0.5
332, 117.214, 46.781, 1000000.0, 0.5
333, 117.370, 46.875, 1000000.0, 0.5
334, 117.370, 46.875, 1000000.0, 0.5
335, 117.490, 46.949, 1000000.0, 0.5
336, 117.405, 46.961, 1000000.0, 0.5
337, 102.343, 39.860, 1000000.0, 0.5
338, 102.286, 39.871, 1000000.0, 0.5
339, 102.286, 39.871, 1000000.0, 0.5
340, 102.286, 39.871, 1000000.0, 0.5
341, 102.627, 40.086, 1000000.0, 0.5
342, 108.037, 41.954, 1000000.0, 0.5
343, 108.037, 41.954, 1000000.0, 0.5
344, 108.082, 41.989, 1000000.0, 0.5
345, 108.770, 42.268, 1000000.0, 0.5
346, 108.636, 42.287, 1000000.0, 0.5
347, 108.636, 42.287, 1000000.0, 0.5
348, 108.433, 42.323, 1000000.0, 0.5
349, 109.928, 42.943, 1000000.0, 0.5
350, 109.870, 42.917, 1000000.0, 0.5
351, 109.870, 42.917, 1000000.0, 0.5
352, 109.727, 42.859, 1000000.0, 0.5
353, 109.981, 42.945, 1000000.0, 0.5
354, 110.252, 43.062, 1000000.0, 0.5
355, 108.089, 41.783, 1000000.0, 0.5
356, 108.089, 41.783, 1000000.0, 0.5
357, 108.156, 41.776, 1000000.0, 0.5
358, 108.156, 41.776, 1000000.0, 0.5
359, 108.476, 41.746, 1000000.0, 0.5
360, 108.449, 41.748, 1000000.0, 0.5
361, 108.743, 41.721, 1000000.0, 0.5
362, 108.743, 41.721, 1000000.0, 0.5
363, 108.743, 41.721, 1000000.0, 0.5
364, 108.743, 41.721, 1000000.0, 0.5
365, 108.743, 41.721, 1000000.0, 0.5
366, 108.625, 41.653, 1000000.0, 0.5
367, 108.431, 41.669, 1000000.0, 0.5
368, 108.431, 41.669, 1000000.0, 0.5
369, 108.467, 41.685, 1000000.0, 0.5
370, 108.452, 41.678, 1000000.0, 0.5
371, 108.452, 41.678, 1000000.0, 0.5
372, 108.439, 41.667, 1000000.0, 0.5
373, 108.439, 41.667, 1000000.0, 0.5
374, 108.439, 41.667, 1000000.0, 0.5
375, 108.439, 41.667, 1000000.0, 0.5
376, 108.456, 41.671, 1000000.0, 0.5
377, 108.467, 41.675, 1000000.0, 0.5
378, 108.467, 41.675, 1000000.0, 0.5
379, 108.866, 41.681, 1000000.0, 0.5
380, 109.234, 41.681, 1000000.0, 0.5
381, 109.702, 41.714, 1000000.0, 0.5
382, 109.702, 41.714, 1000000.0, 0.5
383, 109.068, 41.404, 1000000.0, 0.5
384, 112.279, 42.547, 1000000.0, 0.5
385, 112.210, 42.518, 1000000.0, 0.5
386, 111.730, 42.482, 1000000.0, 0.5
387, 111.730, 42.482, 1000000.0, 0.5
388, 115.916, 44.185, 1000000.0, 0.5
389, 115.921, 44.178, 1000000.0, 0.5
390, 115.921, 44.178, 1000000.0, 0.5
391, 115.880, 44.157, 1000000.0, 0.5
392, 115.910, 44.214, 1000000.0, 0.5
393, 114.272, 43.708, 1000000.0, 0.5
394, 114.277, 43.710, 1000000.0, 0.5
395, 114.277, 43.710, 1000000.0, 0.5
396, 114.277, 43.710, 1000000.0, 0.5
397, 114.809, 43.926, 1000000.0, 0.5
398, 114.857, 43.950, 1000000.0, 0.5
399, 108.756, 41.877, 1000000.0, 0.5
400, 108.756, 41.877, 1000000.0, 0.5
401, 107.679, 41.490, 1000000.0, 0.5
402, 107.743, 41.494, 1000000.0, 0.5
403, 107.846, 41.537, 1000000.0, 0.5
404, 107.846, 41.537, 1000000.0, 0.5
405, 103.565, 40.349, 1000000.0, 0.5
406, 103.503, 40.326, 1000000.0, 0.5
407, 103.088, 40.206, 1000000.0, 0.5
408, 95.682, 36.782, 1000000.0, 0.5
409, 95.612, 36.762, 1000000.0, 0.5
410, 95.643, 36.785, 1000000.0, 0.5
411, 95.643, 36.785, 1000000.0, 0.5
412, 95.067, 36.821, 1000000.0, 0.5
413, 95.067, 36.821, 1000000.0, 0.5
414, 95.037, 36.814, 1000000.0, 0.5
415, 95.037, 36.814, 1000000.0, 0.5
416, 97.575, 37.754, 1000000.0, 0.5
417, 97.575, 37.754, 1000000.0, 0.5
418, 97.617, 37.747, 1000000.0, 0.5
419, 97.631, 37.751, 1000000.0, 0.5
420, 101.036, 39.250, 1000000.0, 0.5
421, 101.036, 39.250, 1000000.0, 0.5
422, 95.432, 36.833, 1000000.0, 0.5
423, 95.809, 36.816, 1000000.0, 0.5
424, 95.809, 36.816, 1000000.0, 0.5
425, 95.142, 36.537, 1000000.0, 0.5
426, 95.142, 36.537, 1000000.0, 0.5
427, 95.673, 36.552, 1000000.0, 0.5
428, 95.673, 36.552, 1000000.0, 0.5
429, 90.791, 34.586, 1000000.0, 0.5
430, 90.791, 34.592, 1000000.0, 0.5
431, 90.909, 34.648, 1000000.0, 0.5
432, 90.977, 34.711, 1000000.0, 0.5
433, 90.977, 34.711, 1000000.0, 0.5
434, 91.172, 34.838, 1000000.0, 0.5
435, 91.893, 35.394, 1000000.0, 0.5
436, 92.169, 35.473, 1000000.0, 0.5
437, 92.240, 35.533, 1000000.0, 0.5
438, 98.500, 38.172, 1000000.0, 0.5
439, 98.500, 38.172, 1000000.0, 0.5
440, 94.677, 36.908, 1000000.0, 0.5
441, 95.097, 36.949, 1000000.0, 0.5
442, 93.714, 35.969, 1000000.0, 0.5
443, 88.470, 33.783, 1000000.0, 0.5
444, 88.470, 33.783, 1000000.0, 0.5
445, 89.627, 34.210, 1000000.0, 0.5
446, 89.102, 34.178, 1000000.0, 0.5
447, 89.102, 34.178, 1000000.0, 0.5
448, 89.102, 34.178, 1000000.0, 0.5
449, 89.097, 34.204, 1000000.0, 0.5
450, 89.584, 34.232, 1000000.0, 0.5
451, 86.378, 33.674, 1000000.0, 0.5
452, 93.448, 36.190, 1000000.0, 0.5
453, 93.383, 36.139, 1000000.0, 0.5
454, 93.548, 36.232, 1000000.0, 0.5
455, 93.098, 36.164, 1000000.0, 0.5
456, 92.781, 36.125, 1000000.0, 0.5
457, 91.213, 35.551, 1000000.0, 0.5
458, 91.607, 35.602, 1000000.0, 0.5
459, 91.543, 35.568, 1000000.0, 0.5
460, 91.540, 35.595, 1000000.0, 0.5
461, 91.540, 35.595, 1000000.0, 0.5
462, 92.229, 35.753, 1000000.0, 0.5
463, 92.898, 36.210, 1000000.0, 0.5
464, 90.598, 35.131, 1000000.0, 0.5
465, 90.593, 35.128, 1000000.0, 0.5
466, 83.104, 32.715, 1000000.0, 0.5
467, 82.739, 32.550, 1000000.0, 0.5
468, 82.795, 32.574, 1000000.0, 0.5
469, 82.778, 32.566, 1000000.0, 0.5
470, 82.859, 32.608, 1000000.0, 0.5
471, 84.062, 33.144, 1000000.0, 0.5
472, 79.208, 30.410, 1000000.0, 0.5
473, 79.208, 30.410, 1000000.0, 0.5
474, 79.208, 30.410, 1000000.0, 0.5
475, 79.208, 30.410, 1000000.0, 0.5
476, 78.574, 30.136, 1000000.0, 0.5
477, 78.574, 30.136, 1000000.0, 0.5
478, 78.552, 30.142, 1000000.0, 0.5
479, 78.106, 29.838, 1000000.0, 0.5
480, 78.106, 29.838, 1000000.0, 0.5
481, 78.513, 30.007, 1000000.0, 0.5
482, 78.577, 30.040, 1000000.0, 0.5
483, 85.204, 32.131, 1000000.0, 0.5
484, 85.204, 32.131, 1000000.0, 0.5
485, 84.963, 31.947, 1000000.0, 0.5
486, 84.316, 31.670, 1000000.0, 0.5
487, 84.456, 31.736, 1000000.0, 0.5
488, 84.249, 31.640, 1000000.0, 0.5
489, 82.693, 31.097, 1000000.0, 0.5
490, 82.688, 31.098, 1000000.0, 0.5
491, 83.616, 31.564, 1000000.0, 0.5
492, 83.612, 31.551, 1000000.0, 0.5
493, 85.016, 32.077, 1000000.0, 0.5
494, 85.016, 32.077, 1000000.0, 0.5
495, 85.016, 32.077, 1000000.0, 0.5
496, 81.004, 31.198, 1000000.0, 0.5
497, 83.308, 32.449, 1000000.0, 0.5
498, 94.296, 36.410, 1000000.0, 0.5
499, 94.227, 36.448, 1000000.0, 0.5
500, 93.948, 36.295, 1000000.0, 0.5
501, 93.948, 36.295, 1000000.0, 0.5
502, 96.133, 37.148, 1000000.0, 0.5
503, 96.133, 37.148, 1000000.0, 0.5
504, 95.946, 36.950, 1000000.0, 0.5
505, 103.463, 39.760, 1000000.0, 0.5
506, 103.933, 39.732, 1000000.0, 0.5
507, 103.952, 39.792, 1000000.0, 0.5
508, 105.036, 40.208, 1000000.0, 0.5
509, 105.392, 40.256, 1000000.0, 0.5
510, 104.540, 40.195, 1000000.0, 0.5
511, 104.540, 40.195, 1000000.0, 0.5
512, 103.601, 39.835, 1000000.0, 0.5
513, 103.601, 39.835, 1000000.0, 0.5
514, 104.129, 39.974, 1000000.0, 0.5
515, 104.129, 39.974, 1000000.0, 0.5
516, 103.002, 39.563, 1000000.0, 0.5
517, 103.002, 39.563, 1000000.0, 0.5
518, 102.636, 39.383, 1000000.0, 0.5
519, 102.636, 39.383, 1000000.0, 0.5
520, 102.636, 39.383, 1000000.0, 0.5
521, 102.146, 39.452, 1000000.0, 0.5
522, 102.220, 39.435, 1000000.0, 0.5
523, 104.441, 40.344, 1000000.0, 0.5
524, 103.190, 40.583, 1000000.0, 0.5
525, 103.748, 40.731, 1000000.0, 0.5
526, 103.748, 40.731, 1000000.0, 0.5
527, 103.748, 40.731, 1000000.0, 0.5
528, 101.243, 39.790, 1000000.0, 0.5
529, 101.243, 39.790, 1000000.0, 0.5
530, 101.347, 39.783, 1000000.0, 0.5
531, 101.284, 39.787, 1000000.0, 0.5
532, 101.284, 39.787, 1000000.0, 0.5
533, 100.725, 39.759, 1000000.0, 0.5
534, 100.762, 39.773, 1000000.0, 0.5
535, 100.762, 39.773, 1000000.0, 0.5
536, 100.765, 39.779, 1000000.0, 0.5
537, 105.973, 41.911, 1000000.0, 0.5
538, 106.180, 41.997, 1000000.0, 0.5
539, 106.180, 41.997, 1000000.0, 0.5
540, 106.643, 42.009, 1000000.0, 0.5
541, 106.643, 42.009, 1000000.0, 0.5
542, 107.222, 42.232, 1000000.0, 0.5
543, 107.222, 42.232, 1000000.0, 0.5
544, 107.093, 42.186, 1000000.0, 0.5
545, 107.093, 42.186, 1000000.0, 0.5
546, 108.007, 42.002, 1000000.0, 0.5
547, 103.904, 40.362, 1000000.0, 0.5
548, 93.937, 36.511, 1000000.0, 0.5
549, 93.937, 36.511, 1000000.0, 0.5
550, 93.464, 36.552, 1000000.0, 0.5
551, 93.125, 36.283, 1000000.0, 0.5
552, 93.733, 36.538, 1000000.0, 0.5
553, 93.419, 36.287, 1000000.0, 0.5
554, 93.419, 36.287, 1000000.0, 0.5
555, 93.978, 36.205, 1000000.0, 0.5
556, 87.198, 33.633, 1000000.0, 0.5
557, 87.198, 33.633, 1000000.0, 0.5
558, 90.565, 33.975, 1000000.0, 0.5
559, 90.534, 33.999, 1000000.0, 0.5
560, 90.779, 34.050, 1000000.0, 0.5
561, 90.779, 34.050, 1000000.0, 0.5
562, 91.801, 34.437, 1000000.0, 0.5
563, 91.801, 34.437, 1000000.0, 0.5
564, 90.685, 33.938, 1000000.0, 0.5
565, 90.183, 33.710, 1000000.0, 0.5
566, 89.852, 33.651, 1000000.0, 0.5
567, 89.873, 33.633, 1000000.0, 0.5
568, 89.680, 33.458, 1000000.0, 0.5
569, 99.044, 37.054, 1000000.0, 0.5
570, 99.044, 37.054, 1000000.0, 0.5
571, 98.457, 36.892, 1000000.0, 0.5
572, 98.352, 36.854, 1000000.0, 0.5
573, 98.522, 36.986, 1000000.0, 0.5
574, 98.522, 36.986, 1000000.0, 0.5
575, 87.374, 32.989, 1000000.0, 0.5
576, 87.590, 32.991, 1000000.0, 0.5
577, 85.515, 32.957, 1000000.0, 0.5
578, 85.515, 32.957, 1000000.0, 0.5
579, 85.515, 32.957, 1000000.0, 0.5
580, 84.986, 32.819, 1000000.0, 0.5
581, 76.958, 29.872, 1000000.0, 0.5
582, 76.958, 29.872, 1000000.0, 0.5
583, 76.958, 29.872, 1000000.0, 0.5
584, 77.140, 30.027, 1000000.0, 0.5
585, 77.140, 30.027, 1000000.0, 0.5
586, 77.140, 30.027, 1000000.0, 0.5
587, 77.500, 30.013, 1000000.0, 0.5
588, 81.158, 31.542, 1000000.0, 0.5
589, 81.158, 31.542, 1000000.0, 0.5
590, 80.938, 31.458, 1000000.0, 0.5
591, 79.373, 31.567, 1000000.0, 0.5
592, 79.373, 31.567, 1000000.0, 0.5
593, 83.359, 32.962, 1000000.0, 0.5
594, 85.072, 33.717, 1000000.0, 0.5
595, 85.072, 33.717, 1000000.0, 0.5
596, 85.451, 33.855, 1000000.0, 0.5
597, 85.721, 33.881, 1000000.0, 0.5
598, 85.149, 33.813, 1000000.0, 0.5
599, 77.450, 31.185, 1000000.0, 0.5
600, 77.450, 31.185, 1000000.0, 0.5
601, 76.897, 31.139, 1000000.0, 0.5
602, 76.797, 31.077, 1000000.0, 0.5
603, 76.597, 31.200, 1000000.0, 0.5
604, 76.597, 31.200, 1000000.0, 0.5
605, 76.597, 31.200, 1000000.0, 0.5
606, 76.606, 31.204, 1000000.0, 0.5
607, 76.646, 31.128, 1000000.0, 0.5
608, 76.607, 31.201, 1000000.0, 0.5
609, 76.610, 31.232, 1000000.0, 0.5
610, 76.610, 31.232, 1000000.0, 0.5
611, 76.610, 31.232, 1000000.0, 0.5
612, 76.606, 31.196, 1000000.0, 0.5
613, 76.606, 31.196, 1000000.0, 0.5
614, 76.474, 31.179, 1000000.0, 0.5
615, 76.474, 31.179, 1000000.0, 0.5
616, 77.043, 31.349, 1000000.0, 0.5
617, 77.062, 31.318, 1000000.0, 0.5
618, 77.062, 31.318, 1000000.0, 0.5
619, 77.062, 31.318, 1000000.0, 0.5
620, 77.038, 31.358, 1000000.0, 0.5
621, 77.089, 31.273, 1000000.0, 0.5
622, 78.679, 31.808, 1000000.0, 0.5
623, 78.846, 31.689, 1000000.0, 0.5
624, 78.607, 31.888, 1000000.0, 0.5
625, 78.915, 32.083, 1000000.0, 0.5
626, 78.915, 32.083, 1000000.0, 0.5
627, 78.946, 32.091, 1000000.0, 0.5
628, 79.025, 32.056, 1000000.0, 0.5
629, 79.058, 32.040, 1000000.0, 0.5
630, 79.114, 32.070, 1000000.0, 0.5
631, 79.115, 32.069, 1000000.0, 0.5
632, 77.258, 31.479, 1000000.0, 0.5
633, 77.258, 31.479, 1000000.0, 0.5
634, 77.389, 31.483, 1000000.0, 0.5
635, 77.617, 31.514, 1000000.0, 0.5
636, 78.659, 31.650, 1000000.0, 0.5
637, 78.746, 31.622, 1000000.0, 0.5
638, 78.730, 31.628, 1000000.0, 0.5
639, 79.685, 31.834, 1000000.0, 0.5
640, 79.657, 31.824, 1000000.0, 0.5
641, 79.585, 31.809, 1000000.0, 0.5
642, 78.376, 31.530, 1000000.0, 0.5
643, 78.376, 31.530, 1000000.0, 0.5
644, 77.859, 31.374, 1000000.0, 0.5
645, 77.859, 31.374, 1000000.0, 0.5
646, 77.859, 31.374, 1000000.0, 0.5
647, 75.858, 30.578, 1000000.0, 0.5
648, 75.858, 30.578, 1000000.0, 0.5
649, 76.099, 30.651, 1000000.0, 0.5
650, 76.099, 30.651, 1000000.0, 0.5
651, 76.099, 30.651, 1000000.0, 0.5
652, 76.099, 30.651, 1000000.0, 0.5
653, 76.099, 30.651, 1000000.0, 0.5
654, 76.264, 30.701, 1000000.0, 0.5
655, 76.451, 30.750, 1000000.0, 0.5
656, 76.038, 30.506, 1000000.0, 0.5
657, 75.844, 30.450, 1000000.0, 0.5
658, 76.249, 30.577, 1000000.0, 0.5
659, 77.529, 30.637, 1000000.0, 0.5
660, 77.242, 30.527, 1000000.0, 0.5
661, 77.242, 30.527, 1000000.0, 0.5
662, 78.828, 31.045, 1000000.0, 0.5
663, 78.828, 31.045, 1000000.0, 0.5
664, 78.887, 31.065, 1000000.0, 0.5
665, 83.445, 32.653, 1000000.0, 0.5
666, 83.527, 32.632, 1000000.0, 0.5
667, 82.580, 32.362, 1000000.0, 0.5
668, 82.580, 32.362, 1000000.0, 0.5
669, 81.527, 31.971, 1000000.0, 0.5
670, 86.585, 33.685, 1000000.0, 0.5
671, 88.977, 34.642, 1000000.0, 0.5
672, 88.824, 34.567, 1000000.0, 0.5
673, 88.575, 34.472, 1000000.0, 0.5
674, 89.699, 34.726, 1000000.0, 0.5
675, 89.688, 34.768, 1000000.0, 0.5
676, 89.148, 34.732, 1000000.0, 0.5
677, 89.916, 34.892, 1000000.0, 0.5
678, 89.602, 34.764, 1000000.0, 0.5
679, 86.679, 33.744, 1000000.0, 0.5
680, 86.679, 33.744, 1000000.0, 0.5
681, 86.540, 33.749, 1000000.0, 0.5
682, 86.659, 33.803, 1000000.0, 0.5
683, 86.677, 33.802, 1000000.0, 0.5
684, 86.850, 33.931, 1000000.0, 0.5
685, 86.499, 33.674, 1000000.0, 0.5
686, 88.425, 34.401, 1000000.0, 0.5
687, 93.031, 36.011, 1000000.0, 0.5
688, 93.773, 36.233, 1000000.0, 0.5
689, 93.132, 36.040, 1000000.0, 0.5
690, 93.149, 36.017, 1000000.0, 0.5
691, 93.287, 36.057, 1000000.0, 0.5
692, 98.697, 38.182, 1000000.0, 0.5
693, 97.517, 37.753, 1000000.0, 0.5
694, 96.578, 37.789, 1000000.0, 0.5
695, 97.171, 37.784, 1000000.0, 0.5
696, 97.171, 37.784, 1000000.0, 0.5
697, 97.171, 37.784, 1000000.0, 0.5
698, 96.923, 37.710, 1000000.0, 0.5
699, 96.975, 37.716, 1000000.0, 0.5
700, 98.599, 38.369, 1000000.0, 0.5
701, 99.684, 38.834, 1000000.0, 0.5
702, 99.684, 38.834, 1000000.0, 0.5
703, 99.684, 38.834, 1000000.0, 0.5
704, 99.886, 38.975, 1000000.0, 0.5
705, 100.367, 38.913, 1000000.0, 0.5
706, 100.367, 38.913, 1000000.0, 0.5
707, 99.571, 38.578, 1000000.0, 0.5
708, 99.519, 38.602, 1000000.0, 0.5
709, 99.519, 38.602, 1000000.0, 0.5
710, 100.305, 38.708, 1000000.0, 0.5
711, 98.836, 38.773, 1000000.0, 0.5
712, 98.836, 38.773, 1000000.0, 0.5
713, 99.643, 39.103, 1000000.0, 0.5
714, 99.643, 39.103, 1000000.0, 0.5
715, 100.014, 39.246, 1000000.0, 0.5
716, 100.014, 39.246, 1000000.0, 0.5
717, 100.028, 39.252, 1000000.0, 0.5
718, 99.411, 39.014, 1000000.0, 0.5
719, 99.423, 39.006, 1000000.0, 0.5
720, 99.411, 39.012, 1000000.0, 0.5
721, 99.411, 39.012, 1000000.0, 0.5
722, 97.021, 38.097, 1000000.0, 0.5
723, 96.873, 38.053, 1000000.0, 0.5
724, 97.680, 38.376, 1000000.0, 0.5
725, 97.680, 38.376, 1000000.0, 0.5
726, 97.680, 38.376, 1000000.0, 0.5
727, 97.680, 38.376, 1000000.0, 0.5
728, 97.579, 38.338, 1000000.0, 0.5
729, 97.579, 38.338, 1000000.0, 0.5
730, 97.611, 38.343, 1000000.0, 0.5
731, 97.611, 38.343, 1000000.0, 0.5
732, 97.393, 38.339, 1000000.0, 0.5
733, 97.213, 38.291, 1000000.0, 0.5
734, 98.309, 38.509, 1000000.0, 0.5
735, 98.745, 38.727, 1000000.0, 0.5
736, 98.745, 38.727, 1000000.0, 0.5
737, 97.002, 38.094, 1000000.0, 0.5
738, 96.650, 38.002, 1000000.0, 0.5
739, 97.871, 38.409, 1000000.0, 0.5
740, 99.737, 39.116, 1000000.0, 0.5
741, 100.530, 39.382, 1000000.0, 0.5
742, 100.755, 39.417, 1000000.0, 0.5
743, 100.264, 39.351, 1000000.0, 0.5
744, 99.938, 39.317, 1000000.0, 0.5
745, 100.068, 39.348, 1000000.0, 0.5
746, 100.182, 39.400, 1000000.0, 0.5
747, 100.173, 39.400, 1000000.0, 0.5
748, 100.071, 39.401, 1000000.0, 0.5
749, 100.127, 39.395, 1000000.0, 0.5
750, 100.028, 39.356, 1000000.0, 0.5
751, 100.028, 39.356, 1000000.0, 0.5
752, 100.028, 39.356, 1000000.0, 0.5
753, 100.417, 39.422, 1000000.0, 0.5
754, 100.093, 39.356, 1000000.0, 0.5
755, 100.159, 39.384, 1000000.0, 0.5
756, 100.479, 39.624, 1000000.0, 0.5
757, 100.610, 39.721, 1000000.0, 0.5
758, 100.997, 40.197, 1000000.0, 0.5
759, 100.358, 39.921, 1000000.0, 0.5
760, 100.293, 39.874, 1000000.0, 0.5
761, 100.298, 39.880, 1000000.0, 0.5
762, 100.298, 39.880, 1000000.0, 0.5
763, 100.298, 39.880, 1000000.0, 0.5
764, 100.579, 40.089, 1000000.0, 0.5
765, 100.579, 40.089, 1000000.0, 0.5
766, 100.492, 40.056, 1000000.0, 0.5
767, 100.293, 39.968, 1000000.0, 0.5
768, 99.469, 39.660, 1000000.0, 0.5
769, 100.130, 40.029, 1000000.0, 0.5
770, 100.149, 40.031, 1000000.0, 0.5
771, 100.020, 40.004, 1000000.0, 0.5
772, 100.116, 40.061, 1000000.0, 0.5
773, 100.116, 40.061, 1000000.0, 0.5
774, 100.757, 40.315, 1000000.0, 0.5
775, 98.933, 39.469, 1000000.0, 0.5
776, 98.940, 39.471, 1000000.0, 0.5
777, 98.853, 39.463, 1000000.0, 0.5
778, 98.653, 39.384, 1000000.0, 0.5
779, 98.917, 39.492, 1000000.0, 0.5
780, 98.917, 39.492, 1000000.0, 0.5
781, 99.295, 39.599, 1000000.0, 0.5
782, 99.295, 39.599, 1000000.0, 0.5
783, 99.643, 39.741, 1000000.0, 0.5
784, 99.806, 39.821, 1000000.0, 0.5
785, 100.568, 40.168, 1000000.0, 0.5
786, 107.323, 44.193, 1000000.0, 0.5
787, 107.332, 43.912, 1000000.0, 0.5
788, 107.249, 43.884, 1000000.0, 0.5
789, 107.295, 43.789, 1000000.0, 0.5
790, 105.230, 42.641, 1000000.0, 0.5
791, 105.230, 42.641, 1000000.0, 0.5
792, 105.230, 42.641, 1000000.0, 0.5
793, 103.293, 41.467, 1000000.0, 0.5
794, 103.293, 41.467, 1000000.0, 0.5
795, 103.293, 41.467, 1000000.0, 0.5
796, 104.557, 41.935, 1000000.0, 0.5
797, 104.556, 41.915, 1000000.0, 0.5
798, 104.875, 42.046, 1000000.0, 0.5
799, 104.642, 41.959, 1000000.0, 0.5
800, 104.556, 41.926, 1000000.0, 0.5
801, 107.473, 42.959, 1000000.0, 0.5
802, 107.473, 42.959, 1000000.0, 0.5
803, 107.473, 42.959, 1000000.0, 0.5
804, 107.473, 42.959, 1000000.0, 0.5
805, 107.473, 42.959, 1000000.0, 0.5
806, 107.473, 42.959, 1000000.0, 0.5
807, 107.402, 42.905, 1000000.0, 0.5
808, 107.317, 42.953, 1000000.0, 0.5
809, 107.317, 42.953, 1000000.0, 0.5
810, 104.808, 42.016, 1000000.0, 0.5
811, 104.808, 42.016, 1000000.0, 0.5
812, 104.635, 41.925, 1000000.0, 0.5
813, 101.879, 40.890, 1000000.0, 0.5
814, 101.504, 40.648, 1000000.0, 0.5
815, 101.309, 40.507, 1000000.0, 0.5
816, 101.309, 40.507, 1000000.0, 0.5
817, 101.309, 40.507, 1000000.0, 0.5
818, 101.548, 40.659, 1000000.0, 0.5
819, 102.132, 40.923, 1000000.0, 0.5
820, 102.090, 40.956, 1000000.0, 0.5
821, 102.482, 41.034, 1000000.0, 0.5
822, 102.290, 40.967, 1000000.0, 0.5
823, 102.436, 41.087, 1000000.0, 0.5
824, 102.436, 41.087, 1000000.0, 0.5
825, 103.042, 41.389, 1000000.0, 0.5
826, 102.821, 41.320, 1000000.0, 0.5
827, 103.029, 41.474, 1000000.0, 0.5
828, 102.996, 41.444, 1000000.0, 0.5
829, 103.001, 41.434, 1000000.0, 0.5
830, 103.001, 41.434, 1000000.0, 0.5
831, 101.334, 40.942, 1000000.0, 0.5
832, 101.365, 41.388, 1000000.0, 0.5
833, 101.365, 41.388, 1000000.0, 0.5
834, 101.670, 41.417, 1000000.0, 0.5
835, 101.639, 41.414, 1000000.0, 0.5
836, 101.350, 41.243, 1000000.0, 0.5
837, 101.479, 41.322, 1000000.0, 0.5
838, 101.467, 41.321, 1000000.0, 0.5
839, 103.902, 42.059, 1000000.0, 0.5
840, 103.902, 42.059, 1000000.0, 0.5
841, 103.902, 42.059, 1000000.0, 0.5
842, 102.727, 41.312, 1000000.0, 0.5
843, 102.864, 41.337, 1000000.0, 0.5
844, 103.018, 41.364, 1000000.0, 0.5
845, 103.001, 41.360, 1000000.0, 0.5
846, 111.959, 46.298, 1000000.0, 0.5
847, 111.959, 46.298, 1000000.0, 0.5
848, 111.960, 46.298, 1000000.0, 0.5
849, 111.960, 46.298, 1000000.0, 0.5
850, 111.984, 46.298, 1000000.0, 0.5
851, 117.005, 49.091, 1000000.0, 0.5
852, 116.171, 48.945, 1000000.0, 0.5
853, 116.171, 48.945, 1000000.0, 0.5
854, 115.100, 48.515, 1000000.0, 0.5
855, 115.104, 48.515, 1000000.0, 0.5
856, 117.857, 50.207, 1000000.0, 0.5
857, 117.870, 50.201, 1000000.0, 0.5
858, 128.908, 57.856, 1000000.0, 0.5
859, 129.500, 57.969, 1000000.0, 0.5
860, 129.245, 57.930, 1000000.0, 0.5
861, 129.228, 57.928, 1000000.0, 0.5
862, 129.228, 57.928, 1000000.0, 0.5
863, 131.915, 59.772, 1000000.0, 0.5
864, 132.600, 60.076, 1000000.0, 0.5
865, 131.595, 59.623, 1000000.0, 0.5
866, 131.595, 59.623, 1000000.0, 0.5
867, 131.595, 59.623, 1000000.0, 0.5
868, 131.569, 59.623, 1000000.0, 0.5
869, 131.755, 59.646, 1000000.0, 0.5
870, 123.475, 55.520, 1000000.0, 0.5
871, 122.978, 55.285, 1000000.0, 0.5
872, 122.603, 55.164, 1000000.0, 0.5
873, 123.241, 55.315, 1000000.0, 0.5
874, 123.321, 55.326, 1000000.0, 0.5
875, 134.714, 61.010, 1000000.0, 0.5
876, 134.961, 61.059, 1000000.0, 0.5
877, 134.750, 61.029, 1000000.0, 0.5
878, 134.593, 61.021, 1000000.0, 0.5
879, 136.018, 61.315, 1000000.0, 0.5
880, 136.018, 61.315, 1000000.0, 0.5
881, 136.018, 61.315, 1000000.0, 0.5
882, 136.018, 61.315, 1000000.0, 0.5
883, 134.460, 60.995, 1000000.0, 0.5
884, 130.115, 58.195, 1000000.0, 0.5
885, 130.115, 58.195, 1000000.0, 0.5
886, 129.508, 58.114, 1000000.0, 0.5
887, 129.508, 58.114, 1000000.0, 0.5
888, 130.773, 59.024, 1000000.0, 0.5
889, 135.623, 61.716, 1000000.0, 0.5
890, 137.618, 62.326, 1000000.0, 0.5
891, 137.618, 62.326, 1000000.0, 0.5
892, 137.618, 62.326, 1000000.0, 0.5
893, 137.618, 62.326, 1000000.0, 0.5
894, 137.501, 62.301, 1000000.0, 0.5
895, 131.440, 59.327, 1000000.0, 0.5
896, 131.392, 59.308, 1000000.0, 0.5
897, 131.392, 59.308, 1000000.0, 0.5
898, 129.982, 58.969, 1000000.0, 0.5
899, 125.396, 56.646, 1000000.0, 0.5
900, 124.753, 56.410, 1000000.0, 0.5
901, 124.753, 56.410, 1000000.0, 0.5
902, 133.792, 60.831, 1000000.0, 0.5
903, 129.446, 58.740, 1000000.0, 0.5
904, 128.523, 58.702, 1000000.0, 0.5
905, 128.663, 58.692, 1000000.0, 0.5
906, 128.663, 58.692, 1000000.0, 0.5
907, 130.191, 59.038, 1000000.0, 0.5
908, 129.295, 59.132, 1000000.0, 0.5
909, 130.317, 59.028, 1000000.0, 0.5
910, 130.317, 59.028, 1000000.0, 0.5
911, 130.317, 59.028, 1000000.0, 0.5
912, 130.917, 58.956, 1000000.0, 0.5
913, 131.995, 59.167, 1000000.0, 0.5
914, 123.259, 54.825, 1000000.0, 0.5
915, 132.820, 59.411, 1000000.0, 0.5
916, 132.820, 59.411, 1000000.0, 0.5
917, 132.257, 59.377, 1000000.0, 0.5
918, 132.257, 59.377, 1000000.0, 0.5
919, 134.340, 59.855, 1000000.0, 0.5
920, 134.276, 59.635, 1000000.0, 0.5
921, 136.016, 60.313, 1000000.0, 0.5
922, 136.016, 60.313, 1000000.0, 0.5
923, 136.016, 60.313, 1000000.0, 0.5
924, 136.016, 60.313, 1000000.0, 0.5
925, 136.162, 60.269, 1000000.0, 0.5
926, 136.340, 60.401, 1000000.0, 0.5
927, 136.333, 60.388, 1000000.0, 0.5
928, 136.815, 60.744, 1000000.0, 0.5
929, 136.815, 60.744, 1000000.0, 0.5
930, 136.815, 60.744, 1000000.0, 0.5
931, 136.792, 60.707, 1000000.0, 0.5
932, 136.792, 60.707, 1000000.0, 0.5
933, 136.792, 60.707, 1000000.0, 0.5
934, 139.222, 61.906, 1000000.0, 0.5
935, 137.575, 61.132, 1000000.0, 0.5
936, 137.503, 61.162, 1000000.0, 0.5
937, 137.503, 61.162, 1000000.0, 0.5
938, 137.574, 61.744, 1000000.0, 0.5
939, 138.272, 62.100, 1000000.0, 0.5
940, 138.119, 62.007, 1000000.0, 0.5
941, 146.906, 66.036, 1000000.0, 0.5
942, 148.289, 66.335, 1000000.0, 0.5
943, 150.598, 66.830, 1000000.0, 0.5
944, 150.598, 66.830, 1000000.0, 0.5
945, 150.939, 66.785, 1000000.0, 0.5
946, 150.715, 66.683, 1000000.0, 0.5
947, 150.878, 66.726, 1000000.0, 0.5
948, 150.182, 66.645, 1000000.0, 0.5
949, 150.731, 66.715, 1000000.0, 0.5
950, 150.983, 66.786, 1000000.0, 0.5
951, 151.234, 66.898, 1000000.0, 0.5
952, 151.778, 67.136, 1000000.0, 0.5
953, 151.476, 66.727, 1000000.0, 0.5
954, 151.350, 66.701, 1000000.0, 0.5
955, 148.699, 66.346, 1000000.0, 0.5
956, 146.722, 65.667, 1000000.0, 0.5
957, 146.722, 65.667, 1000000.0, 0.5
958, 146.722, 65.667, 1000000.0, 0.5
959, 146.763, 65.508, 1000000.0, 0.5
960, 146.602, 65.430, 1000000.0, 0.5
961, 146.565, 65.408, 1000000.0, 0.5
962, 146.565, 65.408, 1000000.0, 0.5
963, 146.565, 65.408, 1000000.0, 0.5
964, 141.127, 62.856, 1000000.0, 0.5
965, 135.795, 60.482, 1000000.0, 0.5
966, 135.795, 60.482, 1000000.0, 0.5
967, 130.766, 58.872, 1000000.0, 0.5
968, 134.337, 60.548, 1000000.0, 0.5
969, 129.984, 58.844, 1000000.0, 0.5
970, 128.949, 58.365, 1000000.0, 0.5
971, 129.015, 58.319, 1000000.0, 0.5
972, 129.015, 58.319, 1000000.0, 0.5
973, 128.500, 58.115, 1000000.0, 0.5
974, 128.231, 57.950, 1000000.0, 0.5
975, 118.361, 53.276, 1000000.0, 0.5
976, 115.744, 52.181, 1000000.0, 0.5
977, 115.887, 52.435, 1000000.0, 0.5
978, 115.887, 52.435, 1000000.0, 0.5
979, 115.888, 52.437, 1000000.0, 0.5
980, 117.581, 53.089, 1000000.0, 0.5
981, 117.581, 53.089, 1000000.0, 0.5
982, 117.581, 53.089, 1000000.0, 0.5
983, 117.581, 53.089, 1000000.0, 0.5
984, 117.581, 53.089, 1000000.0, 0.5
985, 117.690, 53.127, 1000000.0, 0.5
986, 116.884, 52.736, 1000000.0, 0.5
987, 116.846, 52.719, 1000000.0, 0.5
988, 116.846, 52.719, 1000000.0, 0.5
989, 116.846, 52.719, 1000000.0, 0.5
990, 117.181, 52.802, 1000000.0, 0.5
991, 117.181, 52.802, 1000000.0, 0.5
992, 117.249, 52.830, 1000000.0, 0.5
993, 117.288, 53.029, 1000000.0, 0.5
994, 118.760, 53.710, 1000000.0, 0.5
995, 109.068, 48.913, 1000000.0, 0.5
996, 108.405, 48.610, 1000000.0, 0.5
997, 108.405, 48.610, 1000000.0, 0.5
998, 108.833, 48.780, 1000000.0, 0.5
999, 108.833, 48.780, 1000000.0, 0.5
1000, 111.257, 49.341, 1000000.0, 0.5
1001, 111.257, 49.341, 1000000.0, 0.5
1002, 109.679, 48.851, 1000000.0, 0.5
1003, 111.061, 49.704, 1000000.0, 0.5
1004, 110.850, 49.650, 1000000.0, 0.5
1005, 110.990, 49.839, 1000000.0, 0.5
1006, 110.990, 49.839, 1000000.0, 0.5
1007, 109.652, 48.919, 1000000.0, 0.5
1008, 108.157, 48.162, 1000000.0, 0.5
1009, 108.157, 48.162, 1000000.0, 0.5
1010, 107.905, 48.172, 1000000.0, 0.5
1011, 107.905, 48.172, 1000000.0, 0.5
1012, 113.822, 51.149, 1000000.0, 0.5
1013, 113.323, 51.060, 1000000.0, 0.5
1014, 113.323, 51.060, 1000000.0, 0.5
1015, 115.670, 51.688, 1000000.0, 0.5
1016, 115.145, 51.541, 1000000.0, 0.5
1017, 120.411, 53.337, 1000000.0, 0.5
1018, 120.057, 53.278, 1000000.0, 0.5
1019, 114.506, 50.541, 1000000.0, 0.5
1020, 114.506, 50.541, 1000000.0, 0.5
1021, 116.301, 51.386, 1000000.0, 0.5
1022, 117.615, 51.596, 1000000.0, 0.5
1023, 117.615, 51.596, 1000000.0, 0.5
1024, 117.449, 51.916, 1000000.0, 0.5
1025, 121.175, 53.863, 1000000.0, 0.5
1026, 122.367, 53.726, 1000000.0, 0.5
1027, 123.007, 53.772, 1000000.0, 0.5
1028, 123.007, 53.772, 1000000.0, 0.5
1029, 122.975, 53.831, 1000000.0, 0.5
1030, 122.975, 53.831, 1000000.0, 0.5
1031, 123.325, 54.022, 1000000.0, 0.5
1032, 122.989, 54.030, 1000000.0, 0.5
1033, 123.078, 54.034, 1000000.0, 0.5
1034, 122.994, 53.991, 1000000.0, 0.5
1035, 124.158, 54.625, 1000000.0, 0.5
1036, 124.320, 54.888, 1000000.0, 0.5
1037, 126.646, 55.949, 1000000.0, 0.5
1038, 126.646, 55.949, 1000000.0, 0.5
1039, 126.102, 55.760, 1000000.0, 0.5
1040, 134.763, 60.100, 1000000.0, 0.5
1041, 134.728, 60.092, 1000000.0, 0.5
1042, 132.720, 59.147, 1000000.0, 0.5
1043, 130.402, 57.881, 1000000.0, 0.5
1044, 131.764, 58.461, 1000000.0, 0.5
1045, 131.764, 58.461, 1000000.0, 0.5
1046, 131.598, 58.398, 1000000.0, 0.5
1047, 129.936, 57.709, 1000000.0, 0.5
1048, 130.572, 58.059, 1000000.0, 0.5
1049, 133.820, 59.892, 1000000.0, 0.5
1050, 133.804, 59.960, 1000000.0, 0.5
1051, 132.620, 59.462, 1000000.0, 0.5
1052, 132.620, 59.462, 1000000.0, 0.5
1053, 132.274, 59.331, 1000000.0, 0.5
1054, 131.082, 58.779, 1000000.0, 0.5
1055, 126.314, 56.477, 1000000.0, 0.5
1056, 124.148, 55.558, 1000000.0, 0.5
1057, 123.030, 54.873, 1000000.0, 0.5
1058, 121.974, 54.670, 1000000.0, 0.5
1059, 122.892, 55.071, 1000000.0, 0.5
1060, 123.735, 55.398, 1000000.0, 0.5
1061, 125.481, 56.295, 1000000.0, 0.5
1062, 125.481, 56.295, 1000000.0, 0.5
1063, 125.478, 56.253, 1000000.0, 0.5
1064, 125.478, 56.253, 1000000.0, 0.5
1065, 125.478, 56.253, 1000000.0, 0.5
1066, 124.736, 55.962, 1000000.0, 0.5
1067, 124.736, 55.962, 1000000.0, 0.5
1068, 124.915, 55.913, 1000000.0, 0.5
1069, 124.469, 56.106, 1000000.0, 0.5
1070, 125.485, 56.614, 1000000.0, 0.5
1071, 125.485, 56.614, 1000000.0, 0.5
1072, 125.485, 56.614, 1000000.0, 0.5
1073, 126.152, 56.436, 1000000.0, 0.5
1074, 125.567, 56.585, 1000000.0, 0.5
1075, 125.728, 56.664, 1000000.0, 0.5
1076, 125.728, 56.664, 1000000.0, 0.5
1077, 125.728, 56.664, 1000000.0, 0.5
1078, 126.939, 57.252, 1000000.0, 0.5
1079, 127.441, 57.354, 1000000.0, 0.5
1080, 127.880, 57.558, 1000000.0, 0.5
1081, 127.880, 57.558, 1000000.0, 0.5
1082, 127.537, 57.359, 1000000.0, 0.5
1083, 127.874, 57.477, 1000000.0, 0.5
1084, 126.010, 56.862, 1000000.0, 0.5
1085, 121.308, 55.287, 1000000.0, 0.5
1086, 120.773, 55.008, 1000000.0, 0.5
1087, 122.144, 55.745, 1000000.0, 0.5
1088, 125.037, 56.569, 1000000.0, 0.5
1089, 124.857, 56.514, 1000000.0, 0.5
1090, 126.067, 56.993, 1000000.0, 0.5
1091, 126.067, 56.993, 1000000.0, 0.5
1092, 126.067, 56.993, 1000000.0, 0.5
1093, 126.672, 57.096, 1000000.0, 0.5
1094, 124.345, 56.220, 1000000.0, 0.5
1095, 123.819, 56.139, 1000000.0, 0.5
1096, 131.477, 60.244, 1000000.0, 0.5
1097, 127.460, 58.143, 1000000.0, 0.5
1098, 126.956, 58.089, 1000000.0, 0.5
1099, 126.772, 57.966, 1000000.0, 0.5
1100, 127.261, 58.173, 1000000.0, 0.5
1101, 126.647, 57.900, 1000000.0, 0.5
1102, 122.787, 55.477, 1000000.0, 0.5
1103, 122.592, 55.362, 1000000.0, 0.5
1104, 122.641, 55.367, 1000000.0, 0.5
1105, 118.664, 50.483, 1000000.0, 0.5
1106, 118.705, 50.451, 1000000.0, 0.5
1107, 117.935, 51.449, 1000000.0, 0.5
1108, 117.515, 51.423, 1000000.0, 0.5
1109, 118.537, 51.651, 1000000.0, 0.5
1110, 117.087, 52.329, 1000000.0, 0.5
1111, 117.031, 52.341, 1000000.0, 0.5
1112, 113.994, 51.462, 1000000.0, 0.5
1113, 113.209, 51.460, 1000000.0, 0.5
1114, 113.209, 51.460, 1000000.0, 0.5
1115, 113.088, 51.521, 1000000.0, 0.5
1116, 113.692, 51.411, 1000000.0, 0.5
1117, 114.148, 51.382, 1000000.0, 0.5
1118, 114.854, 51.583, 1000000.0, 0.5
1119, 118.437, 53.524, 1000000.0, 0.5
1120, 117.963, 53.525, 1000000.0, 0.5
1121, 117.963, 53.525, 1000000.0, 0.5
1122, 117.963, 53.525, 1000000.0, 0.5
1123, 122.453, 55.971, 1000000.0, 0.5
1124, 122.453, 55.971, 1000000.0, 0.5
1125, 122.453, 55.971, 1000000.0, 0.5
1126, 127.064, 58.497, 1000000.0, 0.5
1127, 127.064, 58.497, 1000000.0, 0.5
1128, 127.064, 58.497, 1000000.0, 0.5
1129, 127.064, 58.497, 1000000.0, 0.5
1130, 126.000, 57.654, 1000000.0, 0.5
1131, 126.037, 57.548, 1000000.0, 0.5
1132, 126.037, 57.548, 1000000.0, 0.5
1133, 134.657, 59.408, 1000000.0, 0.5
1134, 134.607, 59.762, 1000000.0, 0.5
1135, 134.607, 59.762, 1000000.0, 0.5
1136, 134.863, 59.559, 1000000.0, 0.5
1137, 134.944, 58.947, 1000000.0, 0.5
1138, 134.977, 58.851, 1000000.0, 0.5
1139, 134.975, 58.851, 1000000.0, 0.5
1140, 135.173, 58.752, 1000000.0, 0.5
1141, 134.308, 57.632, 1000000.0, 0.5
1142, 134.506, 57.578, 1000000.0, 0.5
1143, 134.323, 57.690, 1000000.0, 0.5
1144, 134.323, 57.690, 1000000.0, 0.5
1145, 134.767, 57.101, 1000000.0, 0.5
1146, 134.767, 57.101, 1000000.0, 0.5
1147, 132.913, 55.813, 1000000.0, 0.5
1148, 132.913, 55.813, 1000000.0, 0.5
1149, 132.913, 55.813, 1000000.0, 0.5
1150, 132.442, 55.655, 1000000.0, 0.5
1151, 132.466, 55.671, 1000000.0, 0.5
1152, 126.207, 53.002, 1000000.0, 0.5
1153, 126.341, 53.100, 1000000.0, 0.5
1154, 126.341, 53.100, 1000000.0, 0.5
1155, 126.338, 53.100, 1000000.0, 0.5
1156, 126.585, 53.079, 1000000.0, 0.5
1157, 126.585, 53.079, 1000000.0, 0.5
1158, 126.802, 53.059, 1000000.0, 0.5
1159, 126.394, 53.117, 1000000.0, 0.5
1160, 126.394, 53.117, 1000000.0, 0.5
1161, 131.055, 55.347, 1000000.0, 0.5
1162, 132.124, 55.867, 1000000.0, 0.5
1163, 132.124, 55.867, 1000000.0, 0.5
1164, 132.124, 55.867, 1000000.0, 0.5
1165, 132.226, 55.900, 1000000.0, 0.5
1166, 132.192, 55.873, 1000000.0, 0.5
1167, 135.241, 57.259, 1000000.0, 0.5
1168, 134.795, 57.004, 1000000.0, 0.5
1169, 137.421, 58.571, 1000000.0, 0.5
1170, 138.634, 60.832, 1000000.0, 0.5
1171, 138.384, 59.469, 1000000.0, 0.5
1172, 138.236, 59.409, 1000000.0, 0.5
1173, 138.236, 59.409, 1000000.0, 0.5
1174, 138.189, 59.622, 1000000.0, 0.5
1175, 138.386, 59.797, 1000000.0, 0.5
1176, 139.642, 61.153, 1000000.0, 0.5
1177, 139.561, 61.437, 1000000.0, 0.5
1178, 139.708, 61.333, 1000000.0, 0.5
1179, 139.708, 61.333, 1000000.0, 0.5
1180, 144.780, 63.847, 1000000.0, 0.5
1181, 141.670, 61.961, 1000000.0, 0.5
1182, 141.459, 61.993, 1000000.0, 0.5
1183, 141.459, 61.993, 1000000.0, 0.5
1184, 141.419, 61.980, 1000000.0, 0.5
1185, 139.827, 60.034, 1000000.0, 0.5
1186, 139.827, 60.034, 1000000.0, 0.5
1187, 139.827, 60.034, 1000000.0, 0.5
1188, 139.423, 59.907, 1000000.0, 0.5
1189, 139.349, 59.933, 1000000.0, 0.5
1190, 139.349, 59.933, 1000000.0, 0.5
1191, 139.349, 59.933, 1000000.0, 0.5
1192, 139.663, 59.799, 1000000.0, 0.5
1193, 139.663, 59.799, 1000000.0, 0.5
1194, 139.681, 59.801, 1000000.0, 0.5
1195, 138.102, 58.935, 1000000.0, 0.5
1196, 144.394, 61.921, 1000000.0, 0.5
1197, 146.067, 62.707, 1000000.0, 0.5
1198, 143.124, 61.042, 1000000.0, 0.5
1199, 142.501, 61.038, 1000000.0, 0.5
1200, 142.501, 61.038, 1000000.0, 0.5
1201, 142.770, 61.184, 1000000.0, 0.5
1202, 142.821, 61.185, 1000000.0, 0.5
1203, 142.889, 61.210, 1000000.0, 0.5
1204, 143.920, 61.785, 1000000.0, 0.5
1205, 143.920, 61.785, 1000000.0, 0.5
1206, 143.920, 61.785, 1000000.0, 0.5
1207, 143.920, 61.785, 1000000.0, 0.5
1208, 143.920, 61.785, 1000000.0, 0.5
1209, 143.920, 61.785, 1000000.0, 0.5
1210, 143.920, 61.785, 1000000.0, 0.5
1211, 143.580, 61.678, 1000000.0, 0.5
1212, 145.237, 62.674, 1000000.0, 0.5
1213, 145.513, 62.658, 1000000.0, 0.5
1214, 145.513, 62.658, 1000000.0, 0.5
1215, 145.825, 62.450, 1000000.0, 0.5
1216, 145.966, 62.244, 1000000.0, 0.5
1217, 145.878, 62.186, 1000000.0, 0.5
1218, 145.914, 62.197, 1000000.0, 0.5
1219, 145.760, 62.140, 1000000.0, 0.5
1220, 145.760, 62.140, 1000000.0, 0.5
1221, 149.225, 64.640, 1000000.0, 0.5
1222, 146.808, 63.263, 1000000.0, 0.5
1223, 146.808, 63.263, 1000000.0, 0.5
1224, 145.439, 62.462, 1000000.0, 0.5
1225, 141.926, 60.448, 1000000.0, 0.5
1226, 143.160, 61.676, 1000000.0, 0.5
1227, 143.161, 61.675, 1000000.0, 0.5
1228, 143.161, 61.675, 1000000.0, 0.5
1229, 143.078, 61.632, 1000000.0, 0.5
1230, 141.912, 61.173, 1000000.0, 0.5
1231, 145.859, 62.526, 1000000.0, 0.5
1232, 145.252, 62.368, 1000000.0, 0.5
1233, 141.809, 60.900, 1000000.0, 0.5
1234, 141.766, 61.025, 1000000.0, 0.5
1235, 141.927, 61.069, 1000000.0, 0.5
1236, 141.986, 61.089, 1000000.0, 0.5
1237, 141.775, 60.994, 1000000.0, 0.5
1238, 141.775, 60.994, 1000000.0, 0.5
1239, 146.537, 63.256, 1000000.0, 0.5
1240, 145.819, 62.894, 1000000.0, 0.5
1241, 145.591, 62.783, 1000000.0, 0.5
1242, 148.365, 64.339, 1000000.0, 0.5
1243, 147.938, 64.127, 1000000.0, 0.5
1244, 149.425, 64.907, 1000000.0, 0.5
1245, 149.476, 64.936, 1000000.0, 0.5
1246, 149.476, 64.936, 1000000.0, 0.5
1247, 149.977, 64.960, 1000000.0, 0.5
1248, 154.003, 67.122, 1000000.0, 0.5
1249, 154.003, 67.122, 1000000.0, 0.5
1250, 154.135, 67.122, 1000000.0, 0.5
1251, 154.259, 67.183, 1000000.0, 0.5
1252, 159.345, 69.689, 1000000.0, 0.5
1253, 164.089, 72.035, 1000000.0, 0.5
1254, 164.484, 71.994, 1000000.0, 0.5
1255, 164.484, 71.994, 1000000.0, 0.5
1256, 164.554, 71.995, 1000000.0, 0.5
1257, 164.554, 71.995, 1000000.0, 0.5
1258, 164.665, 72.046, 1000000.0, 0.5
1259, 164.665, 72.046, 1000000.0, 0.5
1260, 164.666, 72.046, 1000000.0, 0.5
1261, 164.623, 72.076, 1000000.0, 0.5
1262, 163.015, 71.261, 1000000.0, 0.5
1263, 162.972, 71.244, 1000000.0, 0.5
1264, 162.972, 71.244, 1000000.0, 0.5
1265, 165.829, 72.829, 1000000.0, 0.5
1266, 165.829, 72.829, 1000000.0, 0.5
1267, 165.785, 72.819, 1000000.0, 0.5
1268, 167.128, 73.739, 1000000.0, 0.5
1269, 163.047, 71.378, 1000000.0, 0.5
1270, 162.269, 71.350, 1000000.0, 0.5
1271, 162.269, 71.350, 1000000.0, 0.5
1272, 157.002, 65.787, 1000000.0, 0.5
1273, 157.044, 65.771, 1000000.0, 0.5
1274, 155.905, 65.388, 1000000.0, 0.5
1275, 155.100, 65.150, 1000000.0, 0.5
1276, 155.100, 65.150, 1000000.0, 0.5
1277, 155.299, 65.138, 1000000.0, 0.5
1278, 155.520, 65.165, 1000000.0, 0.5
1279, 155.544, 65.166, 1000000.0, 0.5
1280, 156.031, 65.310, 1000000.0, 0.5
1281, 156.006, 65.309, 1000000.0, 0.5
1282, 157.124, 65.673, 1000000.0, 0.5
1283, 157.124, 65.673, 1000000.0, 0.5
1284, 159.472, 66.805, 1000000.0, 0.5
1285, 160.431, 66.992, 1000000.0, 0.5
1286, 162.491, 69.952, 1000000.0, 0.5
1287, 165.069, 71.397, 1000000.0, 0.5
1288, 167.682, 73.130, 1000000.0, 0.5
1289, 167.586, 73.117, 1000000.0, 0.5
1290, 167.586, 73.117, 1000000.0, 0.5
1291, 167.596, 73.117, 1000000.0, 0.5
1292, 170.990, 74.780, 1000000.0, 0.5
1293, 170.990, 74.780, 1000000.0, 0.5
1294, 167.560, 73.575, 1000000.0, 0.5
1295, 168.379, 73.914, 1000000.0, 0.5
1296, 168.359, 73.906, 1000000.0, 0.5
1297, 165.979, 72.826, 1000000.0, 0.5
1298, 163.980, 71.721, 1000000.0, 0.5
1299, 163.455, 72.131, 1000000.0, 0.5
1300, 163.455, 72.131, 1000000.0, 0.5
1301, 161.458, 71.088, 1000000.0, 0.5
1302, 156.596, 68.302, 1000000.0, 0.5
1303, 158.618, 69.370, 1000000.0, 0.5
1304, 158.579, 69.363, 1000000.0, 0.5
1305, 155.611, 66.678, 1000000.0, 0.5
1306, 158.445, 66.376, 1000000.0, 0.5
1307, 158.476, 66.292, 1000000.0, 0.5
1308, 158.669, 66.401, 1000000.0, 0.5
1309, 158.423, 66.355, 1000000.0, 0.5
1310, 158.423, 66.347, 1000000.0, 0.5
1311, 158.554, 66.459, 1000000.0, 0.5
1312, 158.473, 66.465, 1000000.0, 0.5
1313, 153.661, 63.258, 1000000.0, 0.5
1314, 154.075, 63.482, 1000000.0, 0.5
1315, 152.952, 63.335, 1000000.0, 0.5
1316, 153.259, 63.359, 1000000.0, 0.5
1317, 152.740, 63.243, 1000000.0, 0.5
1318, 152.740, 63.243, 1000000.0, 0.5
1319, 151.866, 63.079, 1000000.0, 0.5
1320, 151.942, 63.091, 1000000.0, 0.5
1321, 151.818, 63.078, 1000000.0, 0.5
1322, 151.903, 63.126, 1000000.0, 0.5
1323, 157.933, 67.080, 1000000.0, 0.5
1324, 157.886, 67.060, 1000000.0, 0.5
1325, 157.850, 67.050, 1000000.0, 0.5
1326, 157.850, 67.050, 1000000.0, 0.5
1327, 159.217, 67.604, 1000000.0, 0.5
1328, 159.061, 67.540, 1000000.0, 0.5
1329, 157.562, 66.922, 1000000.0, 0.5
1330, 157.550, 66.919, 1000000.0, 0.5
1331, 157.033, 66.973, 1000000.0, 0.5
1332, 159.450, 67.567, 1000000.0, 0.5
1333, 159.450, 67.567, 1000000.0, 0.5
1334, 154.473, 64.669, 1000000.0, 0.5
1335, 159.825, 67.252, 1000000.0, 0.5
1336, 159.747, 67.212, 1000000.0, 0.5
1337, 159.747, 67.212, 1000000.0, 0.5
1338, 159.407, 66.986, 1000000.0, 0.5
1339, 159.387, 66.967, 1000000.0, 0.5
1340, 159.459, 66.963, 1000000.0, 0.5
1341, 159.523, 66.958, 1000000.0, 0.5
1342, 157.829, 66.257, 1000000.0, 0.5
1343, 157.524, 66.096, 1000000.0, 0.5
1344, 157.817, 66.106, 1000000.0, 0.5
1345, 154.072, 64.240, 1000000.0, 0.5
1346, 155.348, 64.915, 1000000.0, 0.5
1347, 154.537, 64.324, 1000000.0, 0.5
1348, 154.648, 64.355, 1000000.0, 0.5
1349, 154.328, 63.747, 1000000.0, 0.5
1350, 154.489, 63.808, 1000000.0, 0.5
1351, 154.489, 63.808, 1000000.0, 0.5
1352, 153.042, 63.030, 1000000.0, 0.5
1353, 153.510, 63.269, 1000000.0, 0.5
1354, 153.564, 63.291, 1000000.0, 0.5
1355, 152.595, 62.487, 1000000.0, 0.5
1356, 152.625, 62.516, 1000000.0, 0.5
1357, 153.307, 62.899, 1000000.0, 0.5
1358, 153.092, 62.827, 1000000.0, 0.5
1359, 151.339, 61.790, 1000000.0, 0.5
1360, 151.339, 61.790, 1000000.0, 0.5
1361, 137.243, 53.939, 1000000.0, 0.5
1362, 136.640, 53.682, 1000000.0, 0.5
1363, 133.770, 52.892, 1000000.0, 0.5
1364, 133.767, 52.891, 1000000.0, 0.5
1365, 134.334, 53.119, 1000000.0, 0.5
1366, 134.334, 53.119, 1000000.0, 0.5
1367, 134.371, 53.130, 1000000.0, 0.5
1368, 134.412, 53.141, 1000000.0, 0.5
1369, 135.146, 53.442, 1000000.0, 0.5
1370, 135.146, 53.442, 1000000.0, 0.5
1371, 134.816, 53.297, 1000000.0, 0.5
1372, 134.185, 53.048, 1000000.0, 0.5
1373, 134.185, 53.048, 1000000.0, 0.5
1374, 134.185, 53.048, 1000000.0, 0.5
1375, 131.506, 52.108, 1000000.0, 0.5
1376, 131.658, 52.160, 1000000.0, 0.5
1377, 131.646, 52.156, 1000000.0, 0.5
1378, 127.416, 50.707, 1000000.0, 0.5
1379, 127.418, 50.707, 1000000.0, 0.5
1380, 127.418, 50.707, 1000000.0, 0.5
1381, 127.418, 50.707, 1000000.0, 0.5
1382, 127.454, 50.723, 1000000.0, 0.5
1383, 127.454, 50.723, 1000000.0, 0.5
1384, 127.456, 50.723, 1000000.0, 0.5
1385, 127.488, 50.739, 1000000.0, 0.5
1386, 127.514, 50.804, 1000000.0, 0.5
1387, 127.535, 50.814, 1000000.0, 0.5
1388, 127.535, 50.814, 1000000.0, 0.5
1389, 127.535, 50.814, 1000000.0, 0.5
1390, 127.480, 50.794, 1000000.0, 0.5
1391, 127.392, 50.761, 1000000.0, 0.5
1392, 127.134, 50.635, 1000000.0, 0.5
1393, 127.394, 50.723, 1000000.0, 0.5
1394, 127.444, 50.839, 1000000.0, 0.5
1395, 127.677, 50.894, 1000000.0, 0.5
1396, 127.724, 51.029, 1000000.0, 0.5
1397, 127.727, 51.031, 1000000.0, 0.5
1398, 127.738, 51.037, 1000000.0, 0.5
1399, 127.775, 51.049, 1000000.0, 0.5
1400, 127.775, 51.049, 1000000.0, 0.5
1401, 127.823, 51.071, 1000000.0, 0.5
1402, 127.823, 51.071, 1000000.0, 0.5
1403, 127.636, 50.970, 1000000.0, 0.5
1404, 127.636, 50.970, 1000000.0, 0.5
1405, 128.041, 51.148, 1000000.0, 0.5
1406, 128.061, 51.155, 1000000.0, 0.5
1407, 128.040, 51.145, 1000000.0, 0.5
1408, 127.538, 50.855, 1000000.0, 0.5
1409, 127.463, 50.610, 1000000.0, 0.5
1410, 127.044, 50.107, 1000000.0, 0.5
1411, 127.035, 50.100, 1000000.0, 0.5
1412, 126.976, 50.069, 1000000.0, 0.5
1413, 126.969, 50.067, 1000000.0, 0.5
1414, 127.207, 50.213, 1000000.0, 0.5
1415, 127.207, 50.213, 1000000.0, 0.5
1416, 127.207, 50.213, 1000000.0, 0.5
1417, 127.534, 50.596, 1000000.0, 0.5
1418, 127.533, 50.595, 1000000.0, 0.5
1419, 127.475, 50.590, 1000000.0, 0.5
1420, 127.549, 50.613, 1000000.0, 0.5
1421, 127.573, 50.625, 1000000.0, 0.5
1422, 127.511, 50.599, 1000000.0, 0.5
1423, 127.511, 50.599, 1000000.0, 0.5
1424, 127.511, 50.599, 1000000.0, 0.5
1425, 127.505, 50.599, 1000000.0, 0.5
1426, 127.318, 50.589, 1000000.0, 0.5
1427, 127.379, 50.779, 1000000.0, 0.5
1428, 127.324, 50.756, 1000000.0, 0.5
1429, 126.927, 50.196, 1000000.0, 0.5
1430, 126.525, 50.011, 1000000.0, 0.5
1431, 126.897, 50.136, 1000000.0, 0.5
1432, 126.886, 50.130, 1000000.0, 0.5
1433, 127.201, 50.247, 1000000.0, 0.5
1434, 127.204, 50.252, 1000000.0, 0.5
1435, 127.216, 50.252, 1000000.0, 0.5
1436, 127.245, 50.264, 1000000.0, 0.5
1437, 126.983, 50.184, 1000000.0, 0.5
1438, 126.983, 50.184, 1000000.0, 0.5
1439, 126.983, 50.184, 1000000.0, 0.5
1440, 126.984, 50.185, 1000000.0, 0.5
1441, 126.984, 50.185, 1000000.0, 0.5
1442, 126.913, 50.155, 1000000.0, 0.5
1443, 126.913, 50.155, 1000000.0, 0.5
1444, 128.095, 51.111, 1000000.0, 0.5
1445, 128.153, 51.133, 1000000.0, 0.5
1446, 128.154, 51.134, 1000000.0, 0.5
1447, 128.154, 51.134, 1000000.0, 0.5
1448, 128.185, 51.154, 1000000.0, 0.5
1449, 127.273, 50.330, 1000000.0, 0.5
1450, 127.305, 50.375, 1000000.0, 0.5
1451, 127.334, 50.387, 1000000.0, 0.5
1452, 127.326, 50.385, 1000000.0, 0.5
1453, 127.170, 50.375, 1000000.0, 0.5
1454, 127.170, 50.375, 1000000.0, 0.5
1455, 127.170, 50.375, 1000000.0, 0.5
1456, 127.168, 50.382, 1000000.0, 0.5
1457, 127.127, 50.369, 1000000.0, 0.5
1458, 127.126, 50.367, 1000000.0, 0.5
1459, 127.121, 50.363, 1000000.0, 0.5
1460, 127.121, 50.363, 1000000.0, 0.5
1461, 127.298, 50.375, 1000000.0, 0.5
1462, 127.298, 50.375, 1000000.0, 0.5
1463, 127.298, 50.375, 1000000.0, 0.5
1464, 127.293, 50.356, 1000000.0, 0.5
1465, 127.283, 50.352, 1000000.0, 0.5
1466, 127.099, 50.307, 1000000.0, 0.5
1467, 127.099, 50.307, 1000000.0, 0.5
1468, 127.099, 50.307, 1000000.0, 0.5
1469, 127.019, 50.301, 1000000.0, 0.5
1470, 127.265, 50.392, 1000000.0, 0.5
1471, 127.251, 50.386, 1000000.0, 0.5
1472, 127.251, 50.386, 1000000.0, 0.5
1473, 127.246, 50.386, 1000000.0, 0.5
1474, 126.987, 50.274, 1000000.0, 0.5
1475, 126.987, 50.274, 1000000.0, 0.5
1476, 126.987, 50.274, 1000000.0, 0.5
1477, 126.987, 50.274, 1000000.0, 0.5
1478, 126.985, 50.274, 1000000.0, 0.5
1479, 126.974, 50.270, 1000000.0, 0.5
1480, 126.974, 50.270, 1000000.0, 0.5
1481, 127.030, 50.349, 1000000.0, 0.5
1482, 126.787, 50.272, 1000000.0, 0.5
1483, 126.790, 50.279, 1000000.0, 0.5
1484, 126.790, 50.279, 1000000.0, 0.5
1485, 126.819, 50.292, 1000000.0, 0.5
1486, 127.771, 50.977, 1000000.0, 0.5
1487, 127.791, 50.987, 1000000.0, 0.5
1488, 127.791, 50.987, 1000000.0, 0.5
1489, 127.791, 50.987, 1000000.0, 0.5
1490, 127.827, 50.997, 1000000.0, 0.5
1491, 127.832, 50.999, 1000000.0, 0.5
1492, 128.117, 51.207, 1000000.0, 0.5
1493, 128.119, 51.160, 1000000.0, 0.5
1494, 128.104, 51.035, 1000000.0, 0.5
1495, 128.023, 50.985, 1000000.0, 0.5
1496, 128.023, 50.985, 1000000.0, 0.5
1497, 127.994, 50.972, 1000000.0, 0.5
1498, 127.994, 50.972, 1000000.0, 0.5
1499, 127.978, 50.956, 1000000.0, 0.5
1500, 127.983, 50.951, 1000000.0, 0.5
1501, 127.985, 50.949, 1000000.0, 0.5
1502, 128.010, 50.954, 1000000.0, 0.5
1503, 128.005, 50.951, 1000000.0, 0.5
1504, 128.005, 50.951, 1000000.0, 0.5
1505, 127.742, 50.796, 1000000.0, 0.5
1506, 127.742, 50.796, 1000000.0, 0.5
1507, 127.742, 50.796, 1000000.0, 0.5
1508, 127.394, 50.522, 1000000.0, 0.5
1509, 127.396, 50.522, 1000000.0, 0.5
1510, 132.155, 52.199, 1000000.0, 0.5
1511, 131.612, 51.964, 1000000.0, 0.5
1512, 131.612, 51.964, 1000000.0, 0.5
1513, 131.612, 51.964, 1000000.0, 0.5
1514, 131.612, 51.964, 1000000.0, 0.5
1515, 131.648, 51.990, 1000000.0, 0.5
1516, 131.678, 52.006, 1000000.0, 0.5
1517, 132.093, 52.231, 1000000.0, 0.5
1518, 131.170, 51.770, 1000000.0, 0.5
1519, 130.900, 51.677, 1000000.0, 0.5
1520, 130.900, 51.677, 1000000.0, 0.5
1521, 130.900, 51.677, 1000000.0, 0.5
1522, 130.884, 51.663, 1000000.0, 0.5
1523, 130.884, 51.663, 1000000.0, 0.5
1524, 131.289, 51.866, 1000000.0, 0.5
1525, 131.295, 51.870, 1000000.0, 0.5
1526, 130.965, 51.744, 1000000.0, 0.5
1527, 130.950, 51.734, 1000000.0, 0.5
1528, 130.948, 51.733, 1000000.0, 0.5
1529, 131.294, 51.884, 1000000.0, 0.5
1530, 131.247, 51.878, 1000000.0, 0.5
1531, 131.312, 51.910, 1000000.0, 0.5
1532, 130.939, 51.710, 1000000.0, 0.5
1533, 130.939, 51.710, 1000000.0, 0.5
1534, 130.939, 51.710, 1000000.0, 0.5
1535, 130.745, 51.609, 1000000.0, 0.5
1536, 130.747, 51.611, 1000000.0, 0.5
1537, 130.747, 51.611, 1000000.0, 0.5
1538, 137.353, 53.462, 1000000.0, 0.5
1539, 138.857, 53.916, 1000000.0, 0.5
1540, 138.856, 53.915, 1000000.0, 0.5
1541, 138.857, 53.916, 1000000.0, 0.5
1542, 138.864, 53.919, 1000000.0, 0.5
1543, 138.864, 53.919, 1000000.0, 0.5
1544, 138.775, 53.887, 1000000.0, 0.5
1545, 138.854, 53.950, 1000000.0, 0.5
1546, 138.702, 53.829, 1000000.0, 0.5
1547, 138.699, 53.828, 1000000.0, 0.5
1548, 138.699, 53.828, 1000000.0, 0.5
1549, 138.710, 53.833, 1000000.0, 0.5
1550, 138.710, 53.833, 1000000.0, 0.5
1551, 138.710, 53.833, 1000000.0, 0.5
1552, 138.732, 53.848, 1000000.0, 0.5
1553, 138.730, 53.846, 1000000.0, 0.5
1554, 138.157, 53.630, 1000000.0, 0.5
1555, 138.044, 53.607, 1000000.0, 0.5
1556, 138.043, 53.609, 1000000.0, 0.5
1557, 137.655, 53.572, 1000000.0, 0.5
1558, 137.655, 53.572, 1000000.0, 0.5
1559, 137.653, 53.571, 1000000.0, 0.5
1560, 137.620, 53.551, 1000000.0, 0.5
1561, 136.982, 53.503, 1000000.0, 0.5
1562, 136.985, 53.504, 1000000.0, 0.5
1563, 136.985, 53.504, 1000000.0, 0.5
1564, 135.304, 53.061, 1000000.0, 0.5
1565, 135.684, 53.127, 1000000.0, 0.5
1566, 135.623, 53.087, 1000000.0, 0.5
1567, 135.590, 53.095, 1000000.0, 0.5
1568, 135.017, 52.884, 1000000.0, 0.5
1569, 135.078, 52.958, 1000000.0, 0.5
1570, 135.211, 53.026, 1000000.0, 0.5
1571, 129.719, 51.484, 1000000.0, 0.5
1572, 129.790, 51.380, 1000000.0, 0.5
1573, 129.271, 51.331, 1000000.0, 0.5
1574, 129.266, 51.331, 1000000.0, 0.5
1575, 129.265, 51.331, 1000000.0, 0.5
1576, 129.223, 51.319, 1000000.0, 0.5
1577, 129.426, 51.330, 1000000.0, 0.5
1578, 129.430, 51.350, 1000000.0, 0.5
1579, 129.430, 51.350, 1000000.0, 0.5
1580, 129.347, 51.187, 1000000.0, 0.5
1581, 134.867, 52.823, 1000000.0, 0.5
1582, 134.916, 52.871, 1000000.0, 0.5
1583, 134.916, 52.871, 1000000.0, 0.5
1584, 134.916, 52.871, 1000000.0, 0.5
1585, 134.934, 52.875, 1000000.0, 0.5
1586, 135.189, 52.966, 1000000.0, 0.5
1587, 134.706, 52.808, 1000000.0, 0.5
1588, 134.706, 52.808, 1000000.0, 0.5
1589, 135.856, 53.432, 1000000.0, 0.5
1590, 135.856, 53.432, 1000000.0, 0.5
1591, 136.090, 53.714, 1000000.0, 0.5
1592, 136.090, 53.714, 1000000.0, 0.5
1593, 136.090, 53.714, 1000000.0, 0.5
1594, 136.096, 53.718, 1000000.0, 0.5
1595, 136.096, 53.718, 1000000.0, 0.5
1596, 135.126, 53.336, 1000000.0, 0.5
1597, 135.126, 53.336, 1000000.0, 0.5
1598, 135.015, 53.225, 1000000.0, 0.5
1599, 134.633, 53.050, 1000000.0, 0.5
1600, 134.638, 53.044, 1000000.0, 0.5
1601, 134.617, 53.042, 1000000.0, 0.5
1602, 134.602, 53.037, 1000000.0, 0.5
1603, 134.624, 53.041, 1000000.0, 0.5
1604, 134.657, 53.050, 1000000.0, 0.5
1605, 134.627, 53.041, 1000000.0, 0.5
1606, 134.308, 52.909, 1000000.0, 0.5
1607, 133.915, 52.567, 1000000.0, 0.5
1608, 133.914, 52.566, 1000000.0, 0.5
1609, 133.895, 52.554, 1000000.0, 0.5
1610, 133.895, 52.554, 1000000.0, 0.5
1611, 133.895, 52.554, 1000000.0, 0.5
1612, 133.901, 52.556, 1000000.0, 0.5
1613, 132.742, 52.193, 1000000.0, 0.5
1614, 132.742, 52.193, 1000000.0, 0.5
1615, 132.297, 51.960, 1000000.0, 0.5
1616, 130.519, 51.337, 1000000.0, 0.5
1617, 130.519, 51.337, 1000000.0, 0.5
1618, 130.570, 51.336, 1000000.0, 0.5
1619, 130.570, 51.336, 1000000.0, 0.5
1620, 130.570, 51.336, 1000000.0, 0.5
1621, 130.804, 51.420, 1000000.0, 0.5
1622, 130.847, 51.437, 1000000.0, 0.5
1623, 135.765, 53.250, 1000000.0, 0.5
1624, 135.697, 53.199, 1000000.0, 0.5
1625, 135.365, 52.745, 1000000.0, 0.5
1626, 133.878, 52.310, 1000000.0, 0.5
1627, 133.878, 52.310, 1000000.0, 0.5
1628, 133.878, 52.310, 1000000.0, 0.5
1629, 133.878, 52.310, 1000000.0, 0.5
1630, 133.972, 52.590, 1000000.0, 0.5
1631, 134.462, 52.988, 1000000.0, 0.5
1632, 136.364, 53.626, 1000000.0, 0.5
1633, 136.364, 53.626, 1000000.0, 0.5
1634, 136.364, 53.626, 1000000.0, 0.5
1635, 136.337, 53.622, 1000000.0, 0.5
1636, 136.334, 53.622, 1000000.0, 0.5
1637, 136.334, 53.622, 1000000.0, 0.5
1638, 136.334, 53.622, 1000000.0, 0.5
1639, 136.368, 53.613, 1000000.0, 0.5
1640, 136.368, 53.613, 1000000.0, 0.5
1641, 136.365, 53.620, 1000000.0, 0.5
1642, 136.034, 53.489, 1000000.0, 0.5
1643, 135.753, 53.393, 1000000.0, 0.5
1644, 135.753, 53.393, 1000000.0, 0.5
1645, 135.659, 53.345, 1000000.0, 0.5
1646, 135.649, 53.328, 1000000.0, 0.5
1647, 135.655, 53.312, 1000000.0, 0.5
1648, 135.668, 53.293, 1000000.0, 0.5
1649, 136.549, 53.815, 1000000.0, 0.5
1650, 136.494, 53.724, 1000000.0, 0.5
1651, 136.494, 53.724, 1000000.0, 0.5
1652, 134.473, 52.292, 1000000.0, 0.5
1653, 134.452, 51.956, 1000000.0, 0.5
1654, 134.442, 51.957, 1000000.0, 0.5
1655, 134.442, 51.957, 1000000.0, 0.5
1656, 131.769, 50.894, 1000000.0, 0.5
1657, 131.769, 50.894, 1000000.0, 0.5
1658, 132.143, 50.956, 1000000.0, 0.5
1659, 132.529, 51.390, 1000000.0, 0.5
1660, 132.529, 51.390, 1000000.0, 0.5
1661, 132.244, 51.272, 1000000.0, 0.5
1662, 132.767, 51.506, 1000000.0, 0.5
1663, 137.230, 54.033, 1000000.0, 0.5
1664, 137.624, 54.230, 1000000.0, 0.5
1665, 133.193, 51.355, 1000000.0, 0.5
1666, 133.193, 51.355, 1000000.0, 0.5
1667, 136.391, 53.235, 1000000.0, 0.5
1668, 136.391, 53.235, 1000000.0, 0.5
1669, 137.425, 53.721, 1000000.0, 0.5
1670, 137.401, 53.704, 1000000.0, 0.5
1671, 141.202, 56.183, 1000000.0, 0.5
1672, 138.673, 54.935, 1000000.0, 0.5
1673, 138.673, 54.935, 1000000.0, 0.5
1674, 138.264, 54.720, 1000000.0, 0.5
1675, 138.264, 54.720, 1000000.0, 0.5
1676, 138.609, 54.864, 1000000.0, 0.5
1677, 138.423, 54.817, 1000000.0, 0.5
1678, 138.423, 54.817, 1000000.0, 0.5
1679, 142.449, 56.902, 1000000.0, 0.5
1680, 142.444, 56.900, 1000000.0, 0.5
1681, 143.233, 57.359, 1000000.0, 0.5
1682, 147.425, 59.670, 1000000.0, 0.5
1683, 147.502, 59.704, 1000000.0, 0.5
1684, 147.471, 59.677, 1000000.0, 0.5
1685, 149.363, 61.443, 1000000.0, 0.5
1686, 149.271, 61.392, 1000000.0, 0.5
1687, 149.959, 61.785, 1000000.0, 0.5
1688, 150.035, 61.833, 1000000.0, 0.5
1689, 150.355, 61.529, 1000000.0, 0.5
1690, 148.518, 60.440, 1000000.0, 0.5
1691, 148.163, 60.128, 1000000.0, 0.5
1692, 149.344, 61.195, 1000000.0, 0.5
1693, 144.754, 58.906, 1000000.0, 0.5
1694, 144.816, 58.967, 1000000.0, 0.5
1695, 144.816, 58.967, 1000000.0, 0.5
1696, 143.363, 58.166, 1000000.0, 0.5
1697, 146.138, 59.602, 1000000.0, 0.5
1698, 149.315, 61.175, 1000000.0, 0.5
1699, 149.315, 61.175, 1000000.0, 0.5
1700, 149.315, 61.175, 1000000.0, 0.5
1701, 149.315, 61.175, 1000000.0, 0.5
1702, 149.315, 61.175, 1000000.0, 0.5
1703, 149.315, 61.175, 1000000.0, 0.5
1704, 148.824, 61.091, 1000000.0, 0.5
1705, 148.824, 61.091, 1000000.0, 0.5
1706, 147.549, 60.038, 1000000.0, 0.5
1707, 147.466, 59.984, 1000000.0, 0.5
1708, 150.276, 61.344, 1000000.0, 0.5
1709, 150.276, 61.344, 1000000.0, 0.5
1710, 150.276, 61.344, 1000000.0, 0.5
1711, 150.276, 61.344, 1000000.0, 0.5
1712, 150.276, 61.344, 1000000.0, 0.5
1713, 150.276, 61.344, 1000000.0, 0.5
1714, 150.469, 61.492, 1000000.0, 0.5
1715, 150.249, 61.458, 1000000.0, 0.5
1716, 146.772, 59.776, 1000000.0, 0.5
1717, 146.772, 59.776, 1000000.0, 0.5
1718, 146.788, 59.611, 1000000.0, 0.5
1719, 147.354, 59.735, 1000000.0, 0.5
1720, 146.964, 59.624, 1000000.0, 0.5
1721, 146.688, 59.580, 1000000.0, 0.5
1722, 148.540, 60.566, 1000000.0, 0.5
1723, 148.533, 60.565, 1000000.0, 0.5
1724, 148.282, 60.528, 1000000.0, 0.5
1725, 147.740, 60.267, 1000000.0, 0.5
1726, 147.957, 60.299, 1000000.0, 0.5
1727, 147.974, 60.281, 1000000.0, 0.5
1728, 145.831, 59.142, 1000000.0, 0.5
1729, 144.979, 58.609, 1000000.0, 0.5
1730, 144.979, 58.609, 1000000.0, 0.5
1731, 144.979, 58.609, 1000000.0, 0.5
1732, 144.435, 58.356, 1000000.0, 0.5
1733, 143.969, 58.306, 1000000.0, 0.5
1734, 156.182, 65.322, 1000000.0, 0.5
1735, 156.256, 65.354, 1000000.0, 0.5
1736, 156.256, 65.354, 1000000.0, 0.5
1737, 156.468, 65.451, 1000000.0, 0.5
1738, 156.536, 65.484, 1000000.0, 0.5
1739, 156.192, 65.487, 1000000.0, 0.5
1740, 156.254, 65.484, 1000000.0, 0.5
1741, 161.790, 68.777, 1000000.0, 0.5
1742, 161.765, 68.780, 1000000.0, 0.5
1743, 163.267, 69.665, 1000000.0, 0.5
1744, 163.267, 69.665, 1000000.0, 0.5
1745, 158.111, 66.949, 1000000.0, 0.5
1746, 158.490, 67.610, 1000000.0, 0.5
1747, 158.602, 67.754, 1000000.0, 0.5
1748, 158.602, 67.754, 1000000.0, 0.5
1749, 158.602, 67.754, 1000000.0, 0.5
1750, 158.602, 67.754, 1000000.0, 0.5
1751, 158.541, 67.765, 1000000.0, 0.5
1752, 158.541, 67.765, 1000000.0, 0.5
1753, 158.413, 67.697, 1000000.0, 0.5
1754, 157.827, 67.350, 1000000.0, 0.5
1755, 157.429, 66.660, 1000000.0, 0.5
1756, 157.415, 66.666, 1000000.0, 0.5
1757, 157.431, 66.434, 1000000.0, 0.5
1758, 153.928, 64.462, 1000000.0, 0.5
1759, 154.268, 64.430, 1000000.0, 0.5
1760, 154.628, 64.453, 1000000.0, 0.5
1761, 150.345, 61.883, 1000000.0, 0.5
1762, 151.119, 61.906, 1000000.0, 0.5
1763, 151.119, 61.906, 1000000.0, 0.5
1764, 148.339, 60.367, 1000000.0, 0.5
1765, 162.231, 68.577, 1000000.0, 0.5
1766, 162.340, 68.628, 1000000.0, 0.5
1767, 162.217, 68.553, 1000000.0, 0.5
1768, 161.979, 68.602, 1000000.0, 0.5
1769, 161.979, 68.602, 1000000.0, 0.5
1770, 161.979, 68.602, 1000000.0, 0.5
1771, 162.069, 68.643, 1000000.0, 0.5
1772, 158.557, 66.303, 1000000.0, 0.5
1773, 160.033, 67.072, 1000000.0, 0.5
1774, 168.647, 71.586, 1000000.0, 0.5
1775, 168.638, 71.583, 1000000.0, 0.5
1776, 168.684, 71.587, 1000000.0, 0.5
1777, 168.237, 71.572, 1000000.0, 0.5
1778, 164.034, 69.391, 1000000.0, 0.5
1779, 165.808, 70.637, 1000000.0, 0.5
1780, 165.808, 70.637, 1000000.0, 0.5
1781, 167.453, 71.525, 1000000.0, 0.5
1782, 167.415, 72.168, 1000000.0, 0.5
1783, 167.415, 72.168, 1000000.0, 0.5
1784, 167.361, 71.378, 1000000.0, 0.5
1785, 167.810, 71.373, 1000000.0, 0.5
1786, 167.957, 71.442, 1000000.0, 0.5
1787, 167.956, 71.440, 1000000.0, 0.5
1788, 167.857, 71.393, 1000000.0, 0.5
1789, 169.071, 71.345, 1000000.0, 0.5
1790, 169.071, 71.345, 1000000.0, 0.5
1791, 168.317, 70.765, 1000000.0, 0.5
1792, 166.476, 69.563, 1000000.0, 0.5
1793, 170.326, 71.494, 1000000.0, 0.5
1794, 173.376, 75.798, 1000000.0, 0.5
1795, 173.376, 75.798, 1000000.0, 0.5
1796, 173.376, 75.798, 1000000.0, 0.5
1797, 173.362, 75.782, 1000000.0, 0.5
1798, 169.396, 73.608, 1000000.0, 0.5
1799, 169.396, 73.608, 1000000.0, 0.5
1800, 169.512, 73.663, 1000000.0, 0.5
1801, 175.627, 77.011, 1000000.0, 0.5
1802, 175.627, 77.011, 1000000.0, 0.5
1803, 174.694, 77.940, 1000000.0, 0.5
1804, 174.694, 77.940, 1000000.0, 0.5
1805, 177.157, 78.206, 1000000.0, 0.5
1806, 177.083, 77.904, 1000000.0, 0.5
1807, 177.083, 77.904, 1000000.0, 0.5
1808, 177.083, 77.904, 1000000.0, 0.5
1809, 177.083, 77.904, 1000000.0, 0.5
1810, 177.161, 77.943, 1000000.0, 0.5
1811, 178.583, 78.382, 1000000.0, 0.5
1812, 178.583, 78.382, 1000000.0, 0.5
1813, 170.896, 74.351, 1000000.0, 0.5
1814, 168.896, 73.239, 1000000.0, 0.5
1815, 168.585, 73.230, 1000000.0, 0.5
1816, 168.585, 73.230, 1000000.0, 0.5
1817, 168.570, 73.182, 1000000.0, 0.5
1818, 168.570, 73.182, 1000000.0, 0.5
1819, 168.570, 73.182, 1000000.0, 0.5
1820, 169.431, 73.400, 1000000.0, 0.5
1821, 169.365, 73.397, 1000000.0, 0.5
1822, 162.083, 69.434, 1000000.0, 0.5
1823, 162.052, 69.512, 1000000.0, 0.5
1824, 162.052, 69.512, 1000000.0, 0.5
1825, 162.052, 69.512, 1000000.0, 0.5
1826, 160.077, 69.563, 1000000.0, 0.5
1827, 160.253, 69.722, 1000000.0, 0.5
1828, 160.114, 69.672, 1000000.0, 0.5
1829, 151.235, 64.956, 1000000.0, 0.5
1830, 152.769, 65.488, 1000000.0, 0.5
1831, 147.585, 62.610, 1000000.0, 0.5
1832, 146.894, 62.622, 1000000.0, 0.5
1833, 141.264, 59.452, 1000000.0, 0.5
1834, 141.486, 59.448, 1000000.0, 0.5
1835, 141.834, 59.705, 1000000.0, 0.5
1836, 141.834, 59.705, 1000000.0, 0.5
1837, 143.934, 59.270, 1000000.0, 0.5
1838, 142.588, 59.653, 1000000.0, 0.5
1839, 142.367, 59.672, 1000000.0, 0.5
1840, 141.678, 60.287, 1000000.0, 0.5
1841, 142.220, 60.275, 1000000.0, 0.5
1842, 141.742, 60.277, 1000000.0, 0.5
1843, 141.250, 60.004, 1000000.0, 0.5
1844, 141.246, 60.001, 1000000.0, 0.5
1845, 141.654, 59.998, 1000000.0, 0.5
1846, 141.654, 59.998, 1000000.0, 0.5
1847, 141.654, 59.998, 1000000.0, 0.5
1848, 141.363, 59.993, 1000000.0, 0.5
1849, 141.363, 59.993, 1000000.0, 0.5
1850, 141.440, 59.947, 1000000.0, 0.5
1851, 137.832, 57.957, 1000000.0, 0.5
1852, 138.376, 57.349, 1000000.0, 0.5
1853, 138.389, 56.944, 1000000.0, 0.5
1854, 137.596, 56.988, 1000000.0, 0.5
1855, 144.461, 60.806, 1000000.0, 0.5
1856, 144.705, 61.070, 1000000.0, 0.5
1857, 144.028, 60.778, 1000000.0, 0.5
1858, 143.967, 60.761, 1000000.0, 0.5
1859, 144.015, 60.838, 1000000.0, 0.5
1860, 144.032, 60.831, 1000000.0, 0.5
1861, 144.514, 59.967, 1000000.0, 0.5
1862, 144.166, 59.608, 1000000.0, 0.5
1863, 144.166, 59.608, 1000000.0, 0.5
1864, 145.177, 61.449, 1000000.0, 0.5
1865, 145.645, 61.674, 1000000.0, 0.5
1866, 145.639, 61.669, 1000000.0, 0.5
1867, 145.696, 61.699, 1000000.0, 0.5
1868, 146.242, 62.248, 1000000.0, 0.5
1869, 146.367, 62.282, 1000000.0, 0.5
1870, 146.442, 62.293, 1000000.0, 0.5
1871, 149.912, 64.062, 1000000.0, 0.5
1872, 149.912, 64.062, 1000000.0, 0.5
1873, 150.370, 64.301, 1000000.0, 0.5
1874, 150.243, 64.198, 1000000.0, 0.5
1875, 150.243, 64.198, 1000000.0, 0.5
1876, 150.243, 64.198, 1000000.0, 0.5
1877, 144.062, 61.506, 1000000.0, 0.5
1878, 144.156, 61.474, 1000000.0, 0.5
1879, 150.639, 64.237, 1000000.0, 0.5
1880, 151.727, 64.084, 1000000.0, 0.5
1881, 161.696, 69.168, 1000000.0, 0.5
1882, 158.223, 67.496, 1000000.0, 0.5
1883, 158.223, 67.496, 1000000.0, 0.5
1884, 158.223, 67.496, 1000000.0, 0.5
1885, 158.178, 67.360, 1000000.0, 0.5
1886, 157.295, 66.736, 1000000.0, 0.5
1887, 157.171, 66.691, 1000000.0, 0.5
1888, 154.746, 65.227, 1000000.0, 0.5
1889, 154.909, 65.279, 1000000.0, 0.5
1890, 156.266, 66.079, 1000000.0, 0.5
1891, 156.725, 66.106, 1000000.0, 0.5
1892, 159.913, 67.788, 1000000.0, 0.5
1893, 159.972, 67.830, 1000000.0, 0.5
1894, 160.378, 67.875, 1000000.0, 0.5
1895, 160.334, 67.841, 1000000.0, 0.5
1896, 160.291, 68.169, 1000000.0, 0.5
1897, 160.291, 68.169, 1000000.0, 0.5
1898, 160.307, 68.180, 1000000.0, 0.5
1899, 160.307, 68.180, 1000000.0, 0.5
1900, 160.746, 67.651, 1000000.0, 0.5
1901, 160.587, 67.720, 1000000.0, 0.5
1902, 160.587, 67.720, 1000000.0, 0.5
1903, 160.125, 67.646, 1000000.0, 0.5
1904, 160.140, 67.646, 1000000.0, 0.5
1905, 160.140, 67.646, 1000000.0, 0.5
1906, 156.794, 65.939, 1000000.0, 0.5
1907, 156.562, 65.755, 1000000.0, 0.5
1908, 151.003, 62.570, 1000000.0, 0.5
1909, 151.003, 62.570, 1000000.0, 0.5
1910, 143.989, 59.008, 1000000.0, 0.5
1911, 143.919, 58.959, 1000000.0, 0.5
1912, 143.919, 58.959, 1000000.0, 0.5
1913, 143.919, 58.959, 1000000.0, 0.5
1914, 143.919, 58.959, 1000000.0, 0.5
1915, 143.919, 58.959, 1000000.0, 0.5
1916, 139.034, 56.319, 1000000.0, 0.5
1917, 138.003, 55.601, 1000000.0, 0.5
1918, 138.003, 55.601, 1000000.0, 0.5
1919, 137.701, 55.587, 1000000.0, 0.5
1920, 137.701, 55.587, 1000000.0, 0.5
1921, 137.468, 55.604, 1000000.0, 0.5
1922, 137.888, 55.578, 1000000.0, 0.5
1923, 139.176, 57.585, 1000000.0, 0.5
1924, 139.176, 57.585, 1000000.0, 0.5
1925, 141.432, 58.971, 1000000.0, 0.5
1926, 141.580, 59.055, 1000000.0, 0.5
1927, 141.580, 59.055, 1000000.0, 0.5
1928, 141.617, 59.054, 1000000.0, 0.5
1929, 141.982, 59.268, 1000000.0, 0.5
1930, 134.801, 55.495, 1000000.0, 0.5
1931, 134.852, 55.439, 1000000.0, 0.5
1932, 134.969, 55.509, 1000000.0, 0.5
1933, 134.963, 55.540, 1000000.0, 0.5
1934, 134.963, 55.540, 1000000.0, 0.5
1935, 134.105, 55.082, 1000000.0, 0.5
1936, 134.176, 55.302, 1000000.0, 0.5
1937, 134.178, 55.303, 1000000.0, 0.5
1938, 136.293, 56.505, 1000000.0, 0.5
1939, 136.840, 56.848, 1000000.0, 0.5
1940, 136.840, 56.848, 1000000.0, 0.5
1941, 136.551, 56.819, 1000000.0, 0.5
1942, 135.848, 56.364, 1000000.0, 0.5
1943, 136.650, 56.886, 1000000.0, 0.5
1944, 136.381, 56.603, 1000000.0, 0.5
1945, 136.364, 56.631, 1000000.0, 0.5
1946, 136.149, 56.359, 1000000.0, 0.5
1947, 136.171, 56.334, 1000000.0, 0.5
1948, 136.033, 56.387, 1000000.0, 0.5
1949, 142.473, 59.783, 1000000.0, 0.5
1950, 142.490, 59.774, 1000000.0, 0.5
1951, 142.431, 59.728, 1000000.0, 0.5
1952, 142.431, 59.728, 1000000.0, 0.5
1953, 142.482, 59.757, 1000000.0, 0.5
1954, 142.593, 59.674, 1000000.0, 0.5
1955, 142.771, 59.762, 1000000.0, 0.5
1956, 142.788, 59.759, 1000000.0, 0.5
1957, 151.441, 64.345, 1000000.0, 0.5
1958, 151.441, 64.345, 1000000.0, 0.5
1959, 151.538, 64.214, 1000000.0, 0.5
1960, 151.587, 64.286, 1000000.0, 0.5
1961, 151.193, 63.969, 1000000.0, 0.5
1962, 151.193, 63.969, 1000000.0, 0.5
1963, 151.045, 63.891, 1000000.0, 0.5
1964, 151.045, 63.891, 1000000.0, 0.5
1965, 150.350, 62.885, 1000000.0, 0.5
1966, 158.350, 66.810, 1000000.0, 0.5
1967, 158.350, 66.810, 1000000.0, 0.5
1968, 158.350, 66.810, 1000000.0, 0.5
1969, 156.448, 64.646, 1000000.0, 0.5
1970, 156.425, 64.549, 1000000.0, 0.5
1971, 156.470, 64.551, 1000000.0, 0.5
1972, 156.470, 64.532, 1000000.0, 0.5
1973, 157.182, 64.583, 1000000.0, 0.5
1974, 157.182, 64.583, 1000000.0, 0.5
1975, 156.562, 64.089, 1000000.0, 0.5
1976, 157.086, 64.134, 1000000.0, 0.5
1977, 157.056, 64.130, 1000000.0, 0.5
1978, 158.703, 66.061, 1000000.0, 0.5
1979, 158.761, 66.046, 1000000.0, 0.5
1980, 158.516, 66.044, 1000000.0, 0.5
1981, 158.516, 66.044, 1000000.0, 0.5
1982, 158.324, 65.647, 1000000.0, 0.5
1983, 158.402, 65.800, 1000000.0, 0.5
1984, 158.402, 65.800, 1000000.0, 0.5
1985, 156.607, 64.785, 1000000.0, 0.5
1986, 156.537, 64.754, 1000000.0, 0.5
1987, 156.742, 65.101, 1000000.0, 0.5
1988, 156.565, 64.818, 1000000.0, 0.5
1989, 156.565, 64.818, 1000000.0, 0.5
1990, 160.993, 67.118, 1000000.0, 0.5
1991, 160.531, 67.123, 1000000.0, 0.5
1992, 160.630, 67.236, 1000000.0, 0.5
1993, 160.630, 67.236, 1000000.0, 0.5
1994, 162.206, 69.194, 1000000.0, 0.5
1995, 162.206, 69.194, 1000000.0, 0.5
1996, 162.206, 69.194, 1000000.0, 0.5
1997, 162.046, 69.241, 1000000.0, 0.5
1998, 162.046, 69.241, 1000000.0, 0.5
1999, 156.203, 66.261, 1000000.0, 0.5
